bookID,title,authors,average_rating,isbn,isbn13,language_code,  num_pages,ratings_count,text_reviews_count,publication_date,publisher,,
1,Harry Potter and the Half-Blood Prince (Harry Potter  #6),J.K. Rowling/Mary GrandPré,4.57,439785960,9780439785969,eng,652,2095690,27591,9/16/2006,Scholastic Inc.,,
2,Harry Potter and the Order of the Phoenix (Harry Potter  #5),J.K. Rowling/Mary GrandPré,4.49,439358078,9780439358071,eng,870,2153167,29221,9/1/2004,Scholastic Inc.,,
4,Harry Potter and the Chamber of Secrets (Harry Potter  #2),J.K. Rowling,4.42,439554896,9780439554893,eng,352,6333,244,11/1/2003,Scholastic,,
5,Harry Potter and the Prisoner of Azkaban (Harry Potter  #3),J.K. Rowling/Mary GrandPré,4.56,043965548X,9780439655484,eng,435,2339585,36325,5/1/2004,Scholastic Inc.,,
8,Harry Potter Boxed Set  Books 1-5 (Harry Potter  #1-5),J.K. Rowling/Mary GrandPré,4.78,439682584,9780439682589,eng,2690,41428,164,9/13/2004,Scholastic,,
9,"Unauthorized Harry Potter Book Seven News: ""Half-Blood Prince"" Analysis and Speculation",W. Frederick Zimmerman,3.74,976540606,9780976540601,en-US,152,19,1,4/26/2005,Nimble Books,,
10,Harry Potter Collection (Harry Potter  #1-6),J.K. Rowling,4.73,439827604,9780439827607,eng,3342,28242,808,9/12/2005,Scholastic,,
12,The Ultimate Hitchhiker's Guide: Five Complete Novels and One Story (Hitchhiker's Guide to the Galaxy  #1-5),Douglas Adams,4.38,517226952,9780517226957,eng,815,3628,254,11/1/2005,Gramercy Books,,
13,The Ultimate Hitchhiker's Guide to the Galaxy (Hitchhiker's Guide to the Galaxy  #1-5),Douglas Adams,4.38,345453743,9780345453747,eng,815,249558,4080,4/30/2002,Del Rey Books,,
14,The Hitchhiker's Guide to the Galaxy (Hitchhiker's Guide to the Galaxy  #1),Douglas Adams,4.22,1400052920,9781400052929,eng,215,4930,460,8/3/2004,Crown,,
16,The Hitchhiker's Guide to the Galaxy (Hitchhiker's Guide to the Galaxy  #1),Douglas Adams/Stephen Fry,4.22,739322206,9780739322208,eng,6,1266,253,3/23/2005,Random House Audio,,
18,The Ultimate Hitchhiker's Guide (Hitchhiker's Guide to the Galaxy  #1-5),Douglas Adams,4.38,517149257,9780517149256,eng,815,2877,195,1/17/1996,Wings Books,,
21,A Short History of Nearly Everything,Bill Bryson,4.21,076790818X,9780767908184,eng,544,248558,9396,9/14/2004,Broadway Books,,
22,Bill Bryson's African Diary,Bill Bryson,3.44,767915062,9780767915069,eng,55,7270,499,12/3/2002,Broadway Books,,
23,Bryson's Dictionary of Troublesome Words: A Writer's Guide to Getting It Right,Bill Bryson,3.87,767910435,9780767910439,eng,256,2088,131,9/14/2004,Broadway Books,,
24,In a Sunburned Country,Bill Bryson,4.07,767903862,9780767903868,eng,335,72451,4245,5/15/2001,Broadway Books,,
25,I'm a Stranger Here Myself: Notes on Returning to America After Twenty Years Away,Bill Bryson,3.90,076790382X,9780767903820,eng,304,49240,2211,6/28/2000,Broadway Books,,
26,The Lost Continent: Travels in Small Town America,Bill Bryson,3.83,60920084,9780060920081,eng,299,45712,2257,8/28/1990,William Morrow Paperbacks,,
27,Neither Here nor There: Travels in Europe,Bill Bryson,3.86,380713802,9780380713806,eng,254,48701,2238,3/28/1993,William Morrow Paperbacks,,
28,Notes from a Small Island,Bill Bryson,3.91,380727501,9780380727506,eng,324,80609,3301,5/28/1997,William Morrow Paperbacks,,
29,The Mother Tongue: English and How It Got That Way,Bill Bryson,3.93,380715430,9780380715435,eng,270,28489,2085,9/28/1991,William Morrow Paperbacks,,
30,J.R.R. Tolkien 4-Book Boxed Set: The Hobbit and The Lord of the Rings,J.R.R. Tolkien,4.59,345538374,9780345538376,eng,1728,101233,1550,9/25/2012,Ballantine Books,,
31,The Lord of the Rings (The Lord of the Rings  #1-3),J.R.R. Tolkien,4.50,618517650,9780618517657,eng,1184,1710,91,10/21/2004,Houghton Mifflin Harcourt,,
34,The Fellowship of the Ring (The Lord of the Rings  #1),J.R.R. Tolkien,4.36,618346252,9780618346257,eng,398,2128944,13670,9/5/2003,Houghton Mifflin Harcourt,,
35,The Lord of the Rings (The Lord of the Rings  #1-3),J.R.R. Tolkien/Alan  Lee,4.50,618260587,9780618260584,en-US,1216,1618,140,10/1/2002,Houghton Mifflin Harcourt,,
36,The Lord of the Rings: Weapons and Warfare,Chris   Smith/Christopher  Lee/Richard Taylor,4.53,618391002,9780618391004,eng,218,19822,46,11/5/2003,Houghton Mifflin Harcourt,,
37,The Lord of the Rings: Complete Visual Companion,Jude Fisher,4.50,618510826,9780618510825,eng,224,359,6,11/15/2004,Houghton Mifflin Harcourt,,
45,Agile Web Development with Rails: A Pragmatic Guide,Dave Thomas/David Heinemeier Hansson/Leon Breedt/Mike Clark/Thomas  Fuchs/Andreas  Schwarz,3.84,097669400X,9780976694007,eng,558,1430,59,7/28/2005,Pragmatic Bookshelf,,
50,Hatchet (Brian's Saga  #1),Gary Paulsen,3.72,689840926,9780689840920,eng,208,270244,12017,4/1/2000,Atheneum Books for Young Readers: Richard Jackson Books,,
51,"Hatchet: A Guide for Using ""Hatchet"" in the Classroom",Donna Ickes/Edward Sciranko/Keith Vasconcelles,4.00,1557344493,9781557344496,eng,48,36,2,8/28/1994,Teacher Created Resources,,
53,Guts: The True Stories behind Hatchet and the Brian Books,Gary Paulsen,3.88,385326505,9780385326506,eng,144,2067,334,1/23/2001,Delacorte Press,,
54,Molly Hatchet - 5 of the Best,Molly Hatchet,4.33,1575606240,9781575606248,eng,56,6,0,6/10/2003,Cherry Lane Music Company,,
55,Hatchet Jobs: Writings on Contemporary Fiction,Dale Peck,3.45,1595580271,9781595580276,en-US,228,99,16,11/1/2005,The New Press,,
57,A Changeling for All Seasons (Changeling Seasons #1),Angela Knight/Sahara Kelly/Judy Mays/Marteeka Karland/Kate Douglas/Shelby Morgen/Lacey Savage/Kate Hill/Willa Okati,3.76,1595962808,9781595962805,eng,304,167,4,11/1/2005,Changeling Press,,
58,Changeling (Changeling  #1),Delia Sherman,3.60,670059676,9780670059676,eng,256,978,111,8/17/2006,Viking Juvenile,,
59,The Changeling Sea,Patricia A. McKillip,4.06,141312629,9780141312620,eng,137,4454,302,4/14/2003,Firebird,,
61,The Changeling,Zilpha Keatley Snyder,4.17,595321801,9780595321803,eng,228,1176,96,6/8/2004,iUniverse,,
63,The Changeling,Kate Horsley,3.55,1590301943,9781590301944,eng,339,301,43,4/12/2005,Shambhala,,
66,The Changeling (Daughters of England  #15),Philippa Carr,3.98,449146979,9780449146972,eng,369,345,12,8/28/1990,Ivy Books,,
67,The Known World,Edward P. Jones,3.83,61159174,9780061159176,eng,388,29686,2626,8/29/2006,Amistad,,
68,The Known World,Edward P. Jones/Kevin R. Free,3.83,006076273X,9780060762735,en-US,14,55,12,6/15/2004,HarperAudio,,
69,The Known World,Edward P. Jones,3.83,60749911,9780060749910,eng,576,22,3,6/15/2004,Harper,,
71,Traders  Guns & Money: Knowns and Unknowns in the Dazzling World of Derivatives,Satyajit Das,3.83,273704745,9780273704744,eng,334,1456,82,5/15/2006,FT Press,,
72,Artesia: Adventures in the Known World,Mark Smylie,4.13,1932386106,9781932386103,eng,352,52,4,12/14/2005,Archaia,,
74,The John McPhee Reader (John McPhee Reader  #1),John McPhee/William Howarth,4.42,374517193,9780374517199,eng,416,562,37,6/1/1982,Farrar  Straus and Giroux,,
75,Uncommon Carriers,John McPhee,3.95,374280398,9780374280390,en-US,248,1630,203,5/16/2006,Farrar Straus Giroux,,
76,Heirs of General Practice,John McPhee,4.17,374519749,9780374519742,eng,128,268,22,4/1/1986,Farrar  Straus and Giroux,,
77,The Control of Nature,John McPhee,4.24,374522596,9780374522599,en-US,288,3498,305,9/1/1990,Farrar  Straus and Giroux,,
78,Annals of the Former World,John McPhee,4.34,374518734,9780374518738,eng,720,3115,228,1/6/1999,Farrar  Straus and Giroux,,
79,Coming Into the Country,John McPhee,4.22,374522871,9780374522872,eng,448,5704,261,4/1/1991,Farrar  Straus and Giroux,,
80,La Place de la Concorde Suisse,John McPhee,3.92,374519323,9780374519322,fre,160,698,52,4/1/1994,Farrar  Straus and Giroux,,
81,Giving Good Weight,John McPhee,4.23,374516006,9780374516000,eng,288,542,36,4/1/1994,Farrar  Straus and Giroux,,
83,Rising from the Plains,John McPhee,4.23,374520658,9780374520656,eng,208,1341,98,11/1/1987,Farrar  Straus and Giroux,,
85,The Heidi Chronicles,Wendy Wasserstein,3.75,822205106,9780822205104,eng,81,1423,70,3/1/2002,Dramatists Play Service,,
86,The Heidi Chronicles: Uncommon Women and Others & Isn't It Romantic,Wendy Wasserstein,3.84,679734996,9780679734994,eng,249,2766,64,7/2/1991,Vintage,,
89,Active Literacy Across the Curriculum: Strategies for Reading  Writing  Speaking  and Listening,Heidi Hayes Jacobs,3.94,1596670231,9781596670235,eng,138,31,1,3/29/2006,Routledge,,
90,Simply Beautiful Beaded Jewelry,Heidi Boyd,3.77,1581807740,9781581807745,en-US,128,62,4,3/14/2006,North Light Books,,
91,Always Enough: God's Miraculous Provision Among the Poorest Children on Earth,Heidi Baker/Rolland Baker,4.46,800793617,9780800793616,eng,192,860,53,9/1/2003,Chosen Books,,
92,Mapping the Big Picture: Integrating Curriculum & Assessment K-12,Heidi Hayes Jacobs,3.68,871202867,9780871202864,en-US,108,77,2,1/28/1997,Association for Supervision & Curriculum Development,,
93,Heidi (Heidi  #1-2),Johanna Spyri/Beverly Cleary/Angelo  Rinaldi,3.99,753454947,9780753454947,eng,352,153317,2257,11/15/2002,Kingfisher,,
94,Getting Results with Curriculum Mapping,Heidi Hayes Jacobs,3.25,871209993,9780871209993,eng,192,55,5,11/15/2004,ASCD,,
96,There's Always Enough: The Miraculous Move of God in Mozambique,Rolland Baker/Heidi Baker,4.46,1852402873,9781852402877,eng,192,34,6,4/28/2003,Sovereign World,,
98,What to Expect the First Year (What to Expect),Heidi Murkoff/Sharon Mazel/Arlene Eisenberg/Sandee Hathaway/Mark D. Widome,3.89,761129588,9780761129585,eng,832,11797,659,10/16/2003,Workman Publishing Company,,
99,The Player's Handbook: The Ultimate Guide on Dating and Relationships,Heidi Fleiss/Libby Keatinge,3.82,972016414,9780972016414,eng,123,34,8,5/10/2004,One Hour Entertainment,,
100,Simply Beautiful Beading: 53 Quick and Easy Projects,Heidi Boyd,3.78,1581805632,9781581805635,en-US,128,78,4,8/19/2004,North Light Books,,
103,God Emperor of Dune (Dune Chronicles  #4),Frank Herbert,3.84,441294677,9780441294671,eng,423,2785,166,6/15/1987,Ace Books,,
105,Chapterhouse: Dune (Dune Chronicles #6),Frank Herbert,3.91,441102670,9780441102679,eng,436,38778,568,7/1/1987,Ace Books,,
106,Dune Messiah (Dune Chronicles #2),Frank Herbert,3.88,441172695,9780441172696,eng,331,97494,2359,7/15/1987,Ace Books,,
107,Dreamer of Dune: The Biography of Frank Herbert,Brian Herbert,4.01,765306476,9780765306470,en-US,592,784,21,7/1/2004,Tor Books,,
109,Heretics of Dune (Dune Chronicles  #5),Frank Herbert,3.86,399128980,9780399128981,eng,480,272,20,4/16/1984,Putnam,,
110,The Road to Dune,Frank Herbert/Brian Herbert/Kevin J. Anderson,3.88,765353709,9780765353702,eng,426,4789,83,8/29/2006,Tor Science Fiction,,
117,Heretics of Dune (Dune Chronicles #5),Frank Herbert,3.86,441328008,9780441328000,eng,471,45388,644,8/15/1987,Ace Books,,
119,The Lord of the Rings: The Art of the Fellowship of the Ring,Gary Russell,4.59,618212906,9780618212903,eng,192,26153,102,6/12/2002,Houghton Mifflin Harcourt,,
122,The Power of One (The Power of One  #1),Bryce Courtenay,4.35,034541005X,9780345410054,eng,544,69167,4551,9/29/1996,Ballantine Books,,
123,The Power of One (The Power of One  #1),Bryce Courtenay,4.35,385732546,9780385732543,eng,291,45,13,9/13/2005,Delacorte Books for Young Readers,,
129,The Power of One: One Person  One Rule  One Month,John C. Maxwell/Stephen R. Graves/Thomas G. Addington,4.28,785260056,9780785260059,en-US,256,16,1,11/1/2004,Thomas Nelson,,
130,Power of an Hour: Business and Life Mastery in One Hour a Week,Dave Lakhani,3.34,471780936,9780471780939,eng,205,174,16,5/19/2006,Wiley,,
131,The Power of One: The Solo Play for Playwrights  Actors  and Directors,Louis E. Catron,3.67,325001537,9780325001531,eng,240,10,0,2/7/2000,Heinemann Drama,,
132,How to Buy  Sell & Profit on eBay: Kick-Start Your Home-Based Business in Just Thirty Days,Adam Ginsberg,3.48,006076287X,9780060762872,eng,336,76,9,5/3/2005,William Morrow Paperbacks,,
133,eBay for Dummies,Marsha Collier,3.50,470045299,9780470045299,eng,386,111,9,10/30/2006,Wiley,,
135,What to Sell on ebay and Where to Get It: The Definitive Guide to Product Sourcing for eBay and Beyond,Chris Malta/Lisa Suttora,3.62,72262788,9780072262780,eng,260,24,0,1/24/2006,McGraw-Hill,,
137,Starting an eBay Business for Dummies,Marsha Collier,3.55,764569244,9780764569241,eng,384,55,4,9/17/2004,Wiley,,
138,eBay: Top 100 Simplified Tips & Tricks,Julia Wilkinson,4.27,471933821,9780471933823,eng,260,9,0,6/6/2006,Wiley,,
139,ebay Timesaving Techniques for Dummies,Marsha Collier,3.39,764559915,9780764559914,en-US,391,22,1,5/31/2004,Wiley,,
140,eBay Business All-in-One Desk Reference for Dummies,Marsha Collier,3.89,764584383,9780764584381,en-US,864,17,3,4/25/2005,Wiley,,
141,Ruby Cookbook,Lucas Carlson/Leonard Richardson,3.84,596523696,9780596523695,eng,873,166,4,7/29/2006,O'Reilly Media,,
142,Ruby Ann's Down Home Trailer Park Cookbook,Ruby Ann Boxcar,4.12,806523492,9780806523491,eng,240,50,5,5/3/2005,Citadel,,
144,Ruby Ann's Down Home Trailer Park BBQin' Cookbook,Ruby Ann Boxcar,4.08,806525363,9780806525365,eng,206,13,2,5/3/2005,Citadel,,
147,Rails Cookbook: Recipes for Rapid Web Development with Ruby,Rob Orsini,3.48,596527314,9780596527310,eng,514,64,1,1/1/2007,O'Reilly Media,,
151,Anna Karenina,Leo Tolstoy/Richard Pevear/Larissa Volokhonsky,4.05,143035002,9780143035008,eng,838,16643,1851,5/31/2004,Penguin Classics,,
152,Anna Karenina,Leo Tolstoy/David Magarshack/Priscilla Meyer,4.05,451528611,9780451528612,eng,960,109420,5696,11/5/2002,Signet,,
153,Anna Karenina,Leo Tolstoy/Richard Pevear/Larissa Volokhonsky/John Bayley,4.05,140449175,9780140449174,eng,837,2904,309,1/30/2003,Penguin Books,,
154,CliffsNotes on Tolstoy's Anna Karenina,Marianne Sturman/Leo Tolstoy,3.85,822001837,9780822001836,eng,80,16,3,11/26/1965,Cliffs Notes,,
155,Anna Karenina,Leo Tolstoy/Amy Mandelker/Constance Garnett,4.05,1593080271,9781593080273,eng,803,9564,726,7/1/2003,Barnes & Noble Classics,,
156,Anna Karenina,Leo Tolstoy/Louise Maude/Aylmer Maude,4.05,486437965,9780486437965,eng,752,474,72,11/23/2004,Dover Publications,,
157,Anna Karenina,Leo Tolstoy/Constance Garnett/Amy Mandelker,4.05,1593081774,9781593081775,eng,803,303,48,8/26/2004,Barnes & Noble,,
159,Dinner with Anna Karenina,Gloria Goldreich,2.99,778322270,9780778322276,eng,360,411,65,1/28/2006,Mira Books,,
160,Tolstoy: Anna Karenina,Anthony Thorlby,4.19,521313252,9780521313254,eng,128,1204,33,11/26/1987,Cambridge University Press,,
162,Untouchable,Mulk Raj Anand/E.M. Forster,3.71,140183957,9780140183955,eng,160,3429,279,7/3/1990,Penguin Books,,
163,The Untouchable,John Banville,3.95,679767479,9780679767473,eng,367,2163,216,6/30/1998,Vintage,,
164,The Untouchables,Eliot Ness/Oscar Fraley,3.89,1568491980,9781568491981,eng,256,613,31,2/1/1996,Buccaneer Books,,
165,Untouchables: My Family's Triumphant Journey Out of the Caste System in Modern India,Narendra Jadhav,3.82,743270797,9780743270793,en-US,320,308,40,9/27/2005,Scribner,,
166,Dalit: The Black Untaouchables of India,V.T. Rajshekar/Y.N. Kly,4.20,932863051,9780932863058,eng,100,10,0,1/28/1995,Clarity Press,,
168,Growing Up Untouchable in India: A Dalit Autobiography,Vasant Moon/Gail Omvedt/Eleanor Zelliot,3.65,742508803,9780742508804,eng,224,16,4,12/20/2000,Rowman & Littlefield Publishers,,
171,The Evidence-Based Social Work Skills Book,Barry R. Cournoyer,3.40,205358624,9780205358625,eng,216,10,0,9/22/2003,Pearson,,
177,"A Wrinkle in Time: A Guide for Using ""A Wrinkle in Time"" in the Classroom",John Carratello/Patty Carratello/Theresa Wright,4.00,1557344035,9781557344038,eng,48,17,0,9/28/1991,Teacher Created Resources,,
180,Wrinkles in Time,George Smoot/Keay Davidson,4.01,380720442,9780380720446,eng,360,1035,23,10/1/1994,Harper Perennial,,
181,A Wrinkle in Time: With Related Readings (A Wrinkle in Time Quintet #1),Madeleine L'Engle,4.00,821925326,9780821925324,eng,250,36,6,5/1/2002,EMC/Paradigm Publishing,,
182,Literature Circle Guide: A Wrinkle in Time,Tara MacCarthy,3.60,043927169X,9780439271691,eng,32,15,0,1/1/2002,Teaching Resources,,
201,Una arruga en el tiempo – A Wrinkle in Time,Madeleine L'Engle,4.00,606105263,9780606105262,spa,205,6,1,6/1/1984,Turtleback Books,,
204,The Long Shadow (The Morland Dynasty  #6),Cynthia Harrod-Eagles,4.12,751506435,9780751506433,eng,367,376,17,6/1/1994,Little  Brown Book Group,,
205,A Long Shadow (Inspector Ian Rutledge  #8),Charles Todd,4.11,006078671X,9780060786717,eng,352,3086,237,1/3/2006,William Morrow,,
207,Long Way Round: Chasing Shadows Across the World,Ewan McGregor/Charley Boorman/Robert Uhlig,3.94,743499344,9780743499347,en-US,320,352,44,11/1/2005,Atria Books,,
208,A Shadow in Summer (Long Price Quartet  #1),Daniel Abraham,3.60,765313405,9780765313409,eng,331,9852,633,3/7/2006,Tor Books,,
213,New Hope for the Dead (Hoke Mosely #2),Charles Willeford/James Lee Burke,3.90,1400032490,9781400032495,eng,244,821,78,8/10/2004,Vintage Crime/Black Lizard,,
214,Sideswipe: A Hoke Moseley Novel,Charles Willeford/Lawrence Block,4.05,1400032482,9781400032488,eng,215,731,72,3/8/2005,Vintage Crime/Black Lizard,,
216,Miami Blues (Hoke Moseley #1),Charles Willeford/Elmore Leonard,3.94,1400032466,9781400032464,eng,191,2897,178,8/10/2004,Vintage Crime/Black Lizard,,
230,The Burnt Orange Heresy (Vintage Crime/Black Lizard),Charles Willeford,3.89,679732527,9780679732525,eng,144,98,11,10/3/1990,Vintage,,
231,I am Charlotte Simmons,Tom Wolfe,3.42,312424442,9780312424442,eng,738,20888,1688,8/30/2005,Picador USA,,
237,Poetry for Young People: Edward Lear,Edward Lear/Laura Huliska-Beith/Edward Mendelson,3.91,806930772,9780806930770,eng,48,66,19,10/1/2001,Sterling,,
244,The Puffin Book of Nonsense Verse,Quentin Blake,4.02,140366601,9780140366600,eng,287,81,6,10/3/1996,Puffin,,
245,Henry Miller on Writing,Henry Miller/Thomas H. Moore,4.22,811201120,9780811201124,eng,217,981,52,2/1/1964,New Directions Publishing,,
247,Quiet Days in Clichy,Henry Miller,3.69,080213016X,9780802130167,eng,154,3381,141,1/13/1994,Grove Press,,
249,Tropic of Cancer,Henry Miller/Jiří Níl,3.68,802131786,9780802131782,eng,318,53206,2376,1/6/1994,Grove Press,,
250,Tropic of Capricorn,Henry Miller,3.78,802151825,9780802151827,eng,348,14872,459,1/13/1994,Grove Press,,
251,Nexus (The Rosy Crucifixion  #3),Henry Miller,4.10,802151787,9780802151780,eng,316,3261,58,1/13/1994,Grove Press,,
252,Sexus (The Rosy Crucifixion  #1),Henry Miller,3.98,802151809,9780802151803,eng,506,7805,251,1/12/1994,Grove Press,,
253,The Air-Conditioned Nightmare,Henry Miller,3.83,811201066,9780811201063,eng,292,2699,142,1/17/1970,New Directions,,
264,The Portrait of a Lady,Henry James/Patricia Crick,3.78,141439637,9780141439631,eng,797,61640,1951,9/30/2003,Penguin Classics,,
269,The Portrait of a Lady,Henry James/Gabriel Brownstein/Mary Cregan,3.78,1593080964,9781593080969,eng,635,392,41,1/16/2004,Barnes  Noble Classics,,
277,Writing,Marguerite Duras,3.75,1571290532,9781571290533,eng,91,778,44,5/6/1999,Brookline Books,,
278,The War,Marguerite Duras/Barbara Bray,3.85,1565842219,9781565842212,eng,192,963,65,8/1/1994,The New Press,,
280,The Ravishing of Lol Stein,Marguerite Duras/Richard Seever,3.66,394743040,9780394743042,en-US,181,2057,128,3/12/1986,Pantheon,,
285,Love Letters,Kahlil Gibran/Suheil Bushrui/Salma H. Al-Kuzbari,3.68,1851681825,9781851681822,eng,178,203,8,7/1/1999,One World (UK),,
288,Kahlil Gibran: His Life and World,Jean Gibran/جبران خليل جبران/Kahlil Gibran,4.21,156656249X,9781566562492,eng,464,35,2,4/1/1998,Interlink Publishing Group,,
289,The Beloved: Reflections on the Path of the Heart,Kahlil Gibran/John Walbridge/Robin Waterfield,4.19,014019553X,9780140195538,eng,102,328,16,1/1/1998,Penguin Books,,
290,Jesus the Son of Man,Kahlil Gibran/جبران خليل جبران,3.98,394431243,9780394431246,eng,216,1308,82,2/21/1995,Knopf,,
291,The Broken Wings,Kahlil Gibran/جبران خليل جبران/Anthony Rizcallah Ferris,3.92,806501901,9780806501901,eng,132,6432,517,3/3/2003,Citadel,,
292,Sand and Foam,Kahlil Gibran/جبران خليل جبران,4.08,067943920X,9780679439202,eng,100,3015,217,6/14/2011,Knopf,,
295,Treasure Island,Robert Louis Stevenson,3.83,753453800,9780753453803,eng,311,318753,6734,9/15/2001,Kingfisher,,
296,Treasure Island,Robert Louis Stevenson/Scott McKowen,3.83,1402714572,9781402714573,en-US,213,420,42,10/1/2004,Sterling Children's Books,,
297,Treasure Island,Robert Louis Stevenson,3.83,1416500294,9781416500292,eng,245,5967,276,6/1/2005,Simon & Schuster,,
298,Treasure Island,Robert Louis Stevenson/N.C. Wyeth/Timothy Meis,3.83,689854684,9780689854682,eng,64,104,14,7/1/2003,Atheneum Books for Young Readers,,
299,Treasure Island,Robert Louis Stevenson/Milo Winter,3.83,517221144,9780517221143,en-US,272,56,4,9/3/2002,Gramercy Books,,
302,Treasure Island (Great Illustrated Classics),Deidre S. Laiken/A.J. McAllister/Robert Louis Stevenson,4.05,1577658051,9781577658054,eng,232,91,16,1/31/2006,Abdo Publishing Company,,
313,100 Years of Lynchings,Ralph Ginzburg,4.61,933121180,9780933121188,eng,270,88,4,11/22/1996,Black Classic Press,,
324,Cien años de soledad,Gabriel García Márquez,4.07,785950109,9780785950103,spa,448,63,7,1/1/1990,French & European,,
330,On Beyond Zebra!,Dr. Seuss,4.04,394800842,9780394800844,eng,64,2815,164,9/12/1955,Random House Books for Young Readers,,
332,The Wedding Clause,Debbie Raleigh,3.60,821778250,9780821778258,eng,256,95,13,6/7/2005,Zebra,,
333,The Zebra Wall,Kevin Henkes,3.44,60733039,9780060733032,eng,147,217,24,2/15/2005,Greenwillow Books,,
337,El perfume: Historia de un asesino,Patrick Süskind,4.02,8432216062,9788432216060,spa,239,4136,255,6/1/2002,Booket,,
348,The Door Into Summer,Robert A. Heinlein,4.01,345413997,9780345413994,eng,304,17232,649,6/17/1997,Del Rey,,
350,Stranger in a Strange Land,Robert A. Heinlein,3.92,441788386,9780441788385,eng,528,251872,6241,10/1/1991,Ace,,
354,To Sail Beyond the Sunset,Robert A. Heinlein,3.87,441748600,9780441748600,en-US,434,10293,193,6/1/1988,Ace Books,,
355,Job: A Comedy of Justice,Robert A. Heinlein,3.78,345316509,9780345316509,en-US,439,15970,438,10/12/1985,Del Rey,,
356,Time for the Stars (Heinlein's Juveniles  #10),Robert A. Heinlein,3.97,765314932,9780765314932,eng,256,6898,200,8/8/2006,Tor Books,,
357,The Long Dark Tea-Time of the Soul (Dirk Gently  #2),Douglas Adams,4.06,671742515,9780671742515,en-US,307,67803,1401,2/15/1991,Pocket Books,,
359,The Salmon of Doubt (Dirk Gently  #3),Douglas Adams,3.93,345455290,9780345455291,eng,298,22091,746,4/26/2005,Del Rey,,
362,Wish You Were Here: The Official Biography of Douglas Adams,Nick  Webb,4.14,345476514,9780345476517,eng,368,2623,49,12/27/2005,Del Rey,,
367,Douglas Adams's Starship Titanic,Terry Jones,3.60,345368436,9780345368430,eng,256,885,84,10/27/1998,Ballantine Books,,
377,Salmon of Doubt: Hitchhiking the Galaxy One Last Time,Douglas Adams/Christopher Cerf,3.93,1417622857,9781417622856,eng,336,5,0,7/1/2003,Turtleback Books,,
382,The Phantom Tollbooth: A Children's Play in Two Acts,Susan Nanus/Norton Juster,4.13,573650969,9780573650963,eng,72,100,13,1/12/2011,Samuel French  Inc.,,
385,On Bullshit,Harry G. Frankfurt,3.57,691122946,9780691122946,eng,67,9358,995,1/30/2005,Princeton University Press,,
386,Another Bullshit Night in Suck City,Nick Flynn,3.78,393329402,9780393329407,eng,347,9318,907,9/12/2005,W. W. Norton & Company,,
394,Lincoln at Gettysburg: The Words That Remade America,Garry Wills,4.14,671867423,9780671867423,en-US,317,120,15,6/12/1993,Simon & Schuster,,
397,The Gettysburg Address,Abraham Lincoln/Michael McCurdy,4.53,395883970,9780395883976,eng,32,5239,76,2/2/1998,HMH Books for Young Readers,,
399,Underworld,Don DeLillo,3.92,684848155,9780684848150,eng,827,1505,175,7/9/1998,Scribner,,
400,Libra,Don DeLillo,3.99,140156046,9780140156041,eng,480,11857,564,5/1/1991,Penguin,,
403,Americana,Don DeLillo,3.43,140119485,9780140119480,eng,377,393,55,7/6/1989,Penguin Books,,
404,Running Dog,Don DeLillo,3.43,679722947,9780679722946,eng,256,1356,72,7/17/1989,Vintage Contemporaries,,
406,Cosmopolis,Don DeLillo,3.22,743244257,9780743244251,eng,224,460,41,4/6/2004,Scribner,,
407,Great Jones Street,Don DeLillo,3.48,140179178,9780140179170,eng,272,2492,145,1/1/1994,Penguin Books,,
408,The Names,Don DeLillo,3.64,679722955,9780679722953,eng,339,3100,212,7/17/1989,Vintage,,
409,Against the Day,Thomas Pynchon,4.13,159420120X,9781594201202,eng,1085,5296,587,11/21/2006,Penguin Press,,
410,V.,Thomas Pynchon,3.96,60930217,9780060930219,eng,547,1415,177,7/5/2005,Harper Perennial Modern Classics,,
411,The Crying of Lot 49,Thomas Pynchon,3.69,60931671,9780060931674,eng,152,2161,230,4/1/1999,Harper Perennial,,
412,Gravity's Rainbow,Thomas Pynchon,4.01,140283382,9780140283389,eng,784,762,213,1/1/2000,Penguin Books,,
413,Mason & Dixon,Thomas Pynchon/Christophe Claro/Brice Matthieussent,4.07,312423209,9780312423209,eng,773,8086,602,1/3/2004,Picador USA,,
414,Vineland,Thomas Pynchon,3.69,141180633,9780141180632,en-US,385,702,69,9/1/1997,Penguin Classics,,
415,Gravity's Rainbow,Thomas Pynchon,4.01,143039946,9780143039945,eng,776,29764,2164,10/31/2006,Penguin Books,,
416,Slow Learner: Early Stories,Thomas Pynchon,3.50,316724432,9780316724432,eng,193,334,34,4/30/1985,Back Bay Books,,
418,Been Down So Long It Looks Like Up To Me,Richard Fariña/Thomas Pynchon,3.80,140189300,9780140189308,eng,352,2473,220,8/29/1996,Penguin Classics,,
420,The Year of Magical Thinking,Joan Didion,3.89,140004314X,9781400043149,en-US,227,2656,336,10/4/2005,Knopf Publishing Group,,
421,The White Album,Joan Didion,4.17,374522219,9780374522216,eng,222,11889,738,10/1/1990,Farrar Straus Giroux,,
422,A Book of Common Prayer,Joan Didion,3.80,679754865,9780679754862,eng,272,2962,255,4/11/1995,Vintage International,,
423,Where I Was From,Joan Didion,3.86,679752862,9780679752868,eng,240,2842,292,9/14/2004,Vintage,,
424,Slouching Towards Bethlehem,Joan Didion,4.21,374521727,9780374521721,eng,238,26934,1825,10/1/1990,Farrar Straus Giroux,,
425,Democracy,Joan Didion,3.81,679754857,9780679754855,en-US,234,2070,169,4/25/1995,Vintage International,,
426,We Tell Ourselves Stories in Order to Live: Collected Nonfiction,Joan Didion/John Leonard,4.50,307264874,9780307264879,eng,1122,1564,108,10/17/2006,Everyman's Library,,
428,Play It As It Lays,Joan Didion/David Thomson,3.87,374529949,9780374529949,eng,231,23656,1706,11/15/2005,Farrar  Straus and Giroux,,
431,The New York Trilogy,Paul Auster/Art Spiegelman/Luc Sante,3.89,143039830,9780143039839,eng,308,43200,1873,3/28/2006,Penguin Classics,,
432,City of Glass (The New York Trilogy  #1),Paul Auster,3.79,140097317,9780140097313,eng,203,12410,734,4/7/1987,Penguin Books,,
434,Ghosts (The New York Trilogy  #2),Paul Auster,3.64,014009735X,9780140097351,eng,96,3672,195,7/7/1987,Penguin Books,,
435,The Locked Room (The New York Trilogy  #3),Paul Auster,3.89,940650762,9780940650763,eng,179,2998,164,11/1/1986,Sun and Moon Press,,
444,Pyramids of Montauk: Explorations in Consciousness,Peter Moon/Preston B. Nichols/Nina Helms,3.89,963188925,9780963188922,eng,256,74,2,1/1/1995,Sky Books (NY),,
446,The Brooklyn Follies,Paul Auster,3.84,312426232,9780312426231,eng,306,17977,1157,10/17/2006,Picador,,
447,Moon Palace,Paul Auster,3.94,140115854,9780140115857,eng,320,16099,503,4/1/1990,Penguin Books,,
453,The Music of Chance,Paul Auster,3.90,140154078,9780140154078,en-US,217,361,36,12/1/1991,Penguin Books,,
454,Travels in the Scriptorium,Paul Auster,3.23,805081453,9780805081459,eng,145,6688,562,1/23/2007,Henry Holt & Company,,
456,Leviathan,Paul Auster,3.96,140178139,9780140178135,eng,275,11744,443,9/1/1993,Penguin Books,,
463,The Red Notebook: True Stories,Paul Auster,3.77,811214982,9780811214988,eng,104,2390,120,6/17/2002,New Directions,,
466,Timbuktu / Leviathan / Moon Palace,Paul Auster,4.38,2742741461,9782742741465,fre,1075,21,1,11/7/2002,Actes Sud,,
475,Collapse: How Societies Choose to Fail or Succeed,Jared Diamond,3.93,143036556,9780143036555,eng,608,52522,2780,12/27/2005,Penguin Books Ltd. (London),,
476,The Coming Economic Collapse: How You Can Thrive When Oil Costs $200 a Barrel,Stephen Leeb/Glen C. Strathy,3.40,446579785,9780446579780,en-US,211,213,26,2/1/2006,Business Plus,,
477,Collapse of Complex Societies,Joseph A. Tainter,4.15,052138673X,9780521386739,eng,262,719,86,3/29/1990,Cambridge University Press,,
478,Bowling Alone: The Collapse and Revival of American Community,Robert D. Putnam,3.80,743203046,9780743203043,eng,544,4762,512,8/7/2001,Simon  Schuster,,
481,The Collapse of the Common Good: How America's Lawsuit Culture Undermines Our Freedom,Philip K. Howard,3.91,034543871X,9780345438713,eng,272,62,4,1/29/2002,Ballantine Books,,
484,Reinventing the Enemy's Language: Contemporary Native Women's Writings of North America,Joy Harjo/Gloria Bird/Beth Cuthand/Valerie Martinez/Patricia Blanco,4.39,393318281,9780393318289,eng,576,278,20,9/17/1998,W. W. Norton  Company,,
493,My Inventions,Nikola Tesla,4.01,1599869942,9781599869940,eng,88,2862,262,5/17/2006,Filiquarian Publishing  LLC.,,
494,Wizard: The Life and Times of Nikola Tesla: Biography of a Genius,Marc J.  Seifer/William H. Terbo,3.78,806519606,9780806519609,eng,542,2829,334,2/1/2001,Citadel,,
497,Nikola Tesla: A Spark of Genius,Carol Dommermuth-Costa,3.93,822549204,9780822549208,eng,144,105,5,10/1/1994,Lerner Publications,,
498,Tesla Papers,Nikola Tesla/David Hatcher Childress,4.13,932813860,9780932813862,eng,100,102,2,12/1/2000,Adventures Unlimited Press,,
511,Boys of Summer,Julie Elizabeth Leto/Leslie Kelly/Kimberly Raye,3.77,373792689,9780373792689,eng,249,478,12,6/27/2006,Harlequin Blaze,,
515,Programming Ruby: The Pragmatic Programmers' Guide,Dave Thomas/Chad Fowler/Andy Hunt,4.03,974514055,9780974514055,en-US,828,1577,49,10/11/2004,Pragmatic Bookshelf,,
523,Golding's Lord of the Flies (Cliffs Notes),Maureen Kelly/CliffsNotes/William Golding,3.95,764585975,9780764585975,eng,112,73,8,6/13/2000,Cliffs Notes,,
524,Lord of the Flies,William Golding,3.68,307281701,9780307281708,eng,6,408,96,10/11/2005,Listening Library (Audio),,
531,A War Like No Other: How the Athenians & Spartans Fought the Peloponnesian War,Victor Davis Hanson,4.11,812969707,9780812969702,eng,397,1693,100,9/12/2006,Random House,,
534,We Were Not Like Other People,Ephraim Sevela/Antonina W. Bouis,4.14,60255080,9780060255084,eng,216,1,0,1/1/1989,HarperCollins Publishers,,
537,The Lovely Bones,Alice Sebold,3.81,330485385,9780330485388,en-GB,328,6485,966,6/1/2003,Picador,,
538,The Lovely Bones,Alice Sebold,3.81,159413023X,9781594130236,en-US,532,367,73,4/1/2004,Large Print Press,,
539,Lovely in Her Bones (Elizabeth MacPherson  #2),Sharyn McCrumb,3.80,345360354,9780345360359,eng,224,1371,43,5/13/1990,Ballantine Books,,
565,The Zen of CSS Design: Visual Enlightenment for the Web,Dave Shea/Molly E. Holzschlag,3.98,321303474,785342303476,en-US,296,793,28,2/17/2005,Peachpit Press,,
570,HTML  XHTML  and CSS (Visual Quickstart Guide),Elizabeth Castro,3.80,321430840,9780321430847,en-US,456,549,42,8/1/2006,Peachpit Press,,
576,1000 Record Covers,Michael Ochs/Patrick Javault/Ulrike Wasel,3.85,3822840858,9783822840856,mul,575,288,31,5/15/2005,Taschen,,
597,Killing Yourself to Live: 85% of a True Story,Chuck Klosterman,3.81,743264460,9780743264464,eng,245,26381,1109,6/13/2006,Scribner,,
599,Sex  Drugs  and Cocoa Puffs: A Low Culture Manifesto,Chuck Klosterman,3.73,743236017,9780743236010,eng,272,62089,3324,7/2/2004,Scribner,,
619,Vice (V  #8),Jane Feather,3.51,553572490,9780553572490,eng,419,474,19,5/2/1996,Bantam,,
629,Zen and the Art of Motorcycle Maintenance: An Inquiry Into Values (Phaedrus  #1),Robert M. Pirsig,3.77,60589469,9780060589462,eng,540,166046,6446,4/25/2006,HarperTorch,,
639,Once Upon a Cool Motorcycle Dude,Kevin O'Malley/Carol Heyer/Scott Goto,4.08,802789471,9780802789471,eng,32,1773,274,4/1/2005,Walker & Company,,
642,Guidebook to Zen and the Art of Motorcycle Maintenance,Ronald L. DiSanto/Thomas J. Steele,3.72,688060692,9780688060695,en-GB,408,286,10,11/19/1990,William Morrow Paperbacks,,
643,Motorcycle Basics Techbook,John Harold Haynes,3.85,185960515X,9781859605158,eng,222,40,2,7/5/2002,Haynes Manuals N. America  Inc.,,
650,LOGO Lounge: 2 000 International Identities by Leading Designers,Catharine M. Fishel/Bill Gardner,3.93,1592530877,9781592530878,eng,191,27,0,9/1/2004,Rockport Publishers,,
655,The Death of Ivan Ilych And Other Stories,Leo Tolstoy/Hugh McLean,4.11,451528808,9780451528803,eng,304,7300,266,4/1/2003,Signet Classics,,
656,War and Peace,Leo Tolstoy/Henry Gifford/Aylmer Maude/Louise Maude,4.11,192833987,9780192833983,eng,1392,211671,6245,6/25/1998,Oxford University Press,,
658,The Kingdom of God Is Within You,Leo Tolstoy/Constance Garnett,4.13,486451380,9780486451381,eng,352,2403,210,9/8/2006,Dover Publications,,
662,Atlas Shrugged,Ayn Rand/Leonard Peikoff,3.69,452011876,9780452011878,eng,1168,322483,14702,8/1/1999,Plume,,
663,For the New Intellectual: The Philosophy of Ayn Rand,Ayn Rand,3.68,451163087,9780451163080,eng,224,2750,108,12/1/1963,Signet Book,,
664,The Fountainhead,Ayn Rand,3.87,452286751,9780452286757,en-US,752,1886,229,4/26/2005,Dutton,,
665,The Virtue of Selfishness: A New Concept of Egoism,Ayn Rand/Nathaniel Branden,3.51,451163931,9780451163936,eng,176,11462,467,11/1/1964,Signet,,
667,Anthem,Ayn Rand,3.63,452281253,9780452281257,eng,105,110952,7277,12/1/1999,NAL,,
668,We the Living,Ayn Rand/Leonard Peikoff,3.91,451187849,9780451187840,eng,464,23199,1086,1/1/1996,Signet,,
669,Capitalism: The Unknown Ideal,Ayn Rand/Nathaniel Branden/Alan Greenspan/Robert Hessen,3.88,451147952,9780451147950,eng,340,3501,153,7/15/1986,Signet,,
670,Letters of Ayn Rand,Ayn Rand/Michael S. Berliner/Leonard Peikoff,3.96,452274044,9780452274044,eng,681,18,2,2/1/1997,NAL,,
672,Sailing for Dummies,J.J. Isler/Peter Isler,3.95,471791431,9780471791430,eng,416,150,7,6/1/2006,For Dummies,,
675,Sailing from Byzantium: How a Lost Empire Shaped the World,Colin  Wells,3.88,553803816,9780553803815,eng,368,646,83,7/25/2006,Delacorte Press,,
676,Sailing Alone Around the Room: New and Selected Poems,Billy Collins,4.23,375755195,9780375755194,eng,192,12180,630,9/17/2002,Random House Trade Paperbacks,,
678,The Greatest Sailing Stories Ever Told: Twenty-Seven Unforgettable Stories,Christopher Caswell,3.62,1592283195,9781592283194,eng,286,51,5,4/1/2004,Lyons Press,,
681,"Natural Cures ""They"" Don't Want You to Know about",Kevin Trudeau,3.09,975599518,9780975599518,en-US,571,1601,284,1/1/2004,Alliance Publishing,,
685,The Natural,Bernard Malamud/Kevin Baker,3.63,374502005,9780374502003,eng,231,8854,672,7/7/2003,Farrar Straus Giroux,,
698,Digging to America,Anne Tyler,3.55,307263940,9780307263940,eng,277,17155,1841,5/2/2006,Alfred A. Knopf,,
700,Rereading America: Cultural Contexts for Critical Thinking and Writing,Gary Colombo/Bonnie Lisle,3.77,312405545,9780312405540,eng,826,44,3,1/21/2004,Bedford Books,,
702,Modern Latin America,Thomas E. Skidmore/Peter H. Smith,3.59,019517013X,9780195170139,en-US,528,234,11,10/7/2004,Oxford University Press  USA,,
703,The Plot Against America,Philip Roth,3.77,1400079497,9781400079490,eng,391,33321,2925,9/27/2005,Vintage International,,
707,Naked Pictures of Famous People,Jon   Stewart,3.59,688171621,9780688171629,en-GB,164,8703,417,9/22/1999,Dey Street Books,,
759,Collected Stories,Gabriel García Márquez/Gregory Rabassa/J.S. Bernstein,4.19,60932686,9780060932688,eng,352,6375,179,5/13/2008,Harper Perennial Modern Classics,,
762,Crónica de una muerte anunciada,Gabriel García Márquez,3.97,1400034957,9781400034956,spa,118,7888,411,10/14/2003,Vintage Espanol,,
763,Cien años de soledad,Gabriel García Márquez,4.07,307350428,9780307350428,spa,496,130,5,2/7/2006,Plaza y Janes,,
764,Del amor y otros demonios,Gabriel García Márquez,3.98,307350444,9780307350442,spa,176,4508,278,2/7/2006,Plaza y Janes,,
765,Living to Tell the Tale,Gabriel García Márquez/Edith Grossman,3.99,140003454X,9781400034543,eng,533,397,47,10/12/2004,Vintage,,
766,Memoria de mis putas tristes,Gabriel García Márquez,3.60,1400095808,9781400095803,spa,112,5856,377,10/19/2004,Vintage Espanol,,
771,The Elegant Universe: Superstrings  Hidden Dimensions  and the Quest for the Ultimate Theory,Brian Greene,4.07,375708111,9780375708114,eng,425,32569,1058,9/2/2004,Vintage Books USA,,
775,Pure and Simple: The Extraordinary Teachings of a Thai Buddhist Laywoman,Upasika Kee Nanayon/Thanissaro Bhikkhu,4.29,086171492X,9780861714926,eng,288,37,6,5/15/2005,Wisdom Publications,,
787,The Mini Rough Guide to London,Rob Humphreys/Beth Chaplin/Rebecca Morrill,3.75,184353584X,9781843535843,eng,363,1,0,4/1/2006,Rough Guides,,
793,Best of London (Lonely Planet Best Of),Lonely Planet/Sarah Johnstone/Steve Fallon,3.83,1740594770,9781740594776,eng,128,11,0,9/1/2004,Lonely Planet,,
797,Lonely Planet Londres,Lonely Planet/Sarah Johnstone/Tom Masters,4.03,8408064762,9788408064763,spa,480,0,0,5/1/2006,Geoplaneta,,
799,Out to Eat London 2002 (Lonely Planet Out to Eat),Lonely Planet/Mark Honan,0.00,1740592050,9781740592055,eng,295,0,0,9/1/2001,Lonely Planet,,
815,Three Nights in August: Strategy  Heartbreak  and Joy Inside the Mind of a Manager,H.G. Bissinger,3.88,618710531,9780618710539,eng,287,6870,237,4/4/2006,Mariner Books,,
816,Cryptonomicon,Neal Stephenson,4.25,60512806,9780060512804,eng,1139,83184,4249,11/1/2002,Avon,,
821,Le Réseau Kinakuta (Cryptonomicon  #2),Neal Stephenson,4.10,2228894168,9782228894166,fre,418,5,0,3/31/2001,Payot,,
822,The Confusion (The Baroque Cycle  #2),Neal Stephenson,4.26,60733357,9780060733353,en-US,815,19320,565,6/14/2005,William Morrow Paperbacks,,
823,Quicksilver (The Baroque Cycle  #1),Neal Stephenson,3.93,60593083,9780060593087,eng,927,30872,1735,9/21/2004,HarperCollins Perennial,,
824,The Cobweb,Neal Stephenson/J. Frederick George,3.61,553383442,9780553383447,eng,448,2465,137,5/31/2005,Spectra Books,,
826,The Big U,Neal Stephenson,3.25,380816032,9780380816033,en-US,308,4657,223,2/6/2001,William Morrow Paperbacks,,
827,The Diamond Age: Or  A Young Lady's Illustrated Primer,Neal Stephenson/Pedro Jorge Romero,4.19,553380966,9780553380965,eng,499,71042,2767,5/2/2000,Spectra,,
828,Interface,Neal Stephenson/George F. Jewsbury/Stephen  Bury,3.68,553383434,9780553383430,eng,640,4731,270,5/31/2005,Spectra,,
829,Odalisque (The Baroque Cycle  Vol. 1  Book 3),Neal Stephenson,4.20,60833181,9780060833183,en-US,464,1567,65,3/28/2006,HarperTorch,,
830,Snow Crash,Neal Stephenson/Guy Abadia,4.03,553380958,9780553380958,eng,438,188100,6612,8/2/2000,Bantam Books,,
834,Harrington on Hold 'em: Expert Strategy for No-Limit Tournaments  Volume II: The Endgame,Dan Harrington/Bill Robertie,4.16,1880685353,9781880685358,eng,450,1474,30,6/1/2005,Two Plus Two Publishing LLC,,
835,Harrington on Hold 'em: Expert Strategy for No-Limit Tournaments  Volume I: Strategic Play,Dan Harrington/Bill Robertie,4.24,1880685337,9781880685334,eng,381,1929,72,12/1/2004,Two Plus Two Publishing LLC,,
840,The Design of Everyday Things,Donald A. Norman,4.17,465067107,9780465067107,eng,240,18602,1379,9/19/2002,Basic Books,,
841,Emotional Design: Why We Love (or Hate) Everyday Things,Donald A. Norman,3.95,465051367,9780465051366,eng,272,3702,149,5/11/2005,Basic Books,,
842,The Psychology of Everyday Things,Donald A. Norman,4.17,465067093,9780465067091,eng,257,265,31,6/13/1988,Basic Books,,
848,No Price Too High: A Pentecostal Preacher Becomes Catholic - The Inspirational Story of Alex Jones as Told to Diane Hanson,Alex C. Jones/Diane M. Hanson/Stephen K. Ray,4.27,898709199,9780898709193,en-GB,259,51,7,4/30/2006,Ignatius Press,,
864,The Alchemist,Paulo Coelho/Alan R. Clarke/James Noel Smith,3.86,60887966,9780060887964,eng,192,920,76,5/2/2006,HarperOne,,
865,The Alchemist,Paulo Coelho/Alan R. Clarke/Özdemir İnce,3.86,61122416,9780061122415,eng,197,1631221,55843,5/1/1993,HarperCollins,,
866,Fullmetal Alchemist  Vol. 9 (Fullmetal Alchemist  #9),Hiromu Arakawa/Akira Watanabe,4.57,142150460X,9781421504605,eng,192,9013,153,9/19/2006,VIZ Media LLC,,
868,Fullmetal Alchemist  Vol. 3 (Fullmetal Alchemist  #3),Hiromu Arakawa/Akira Watanabe,4.56,1591169259,9781591169253,eng,192,16666,299,9/13/2005,VIZ Media LLC,,
869,Fullmetal Alchemist  Vol. 8 (Fullmetal Alchemist  #8),Hiromu Arakawa/Akira Watanabe,4.57,1421504596,9781421504599,eng,192,11451,161,7/18/2006,VIZ Media LLC,,
870,Fullmetal Alchemist  Vol. 1 (Fullmetal Alchemist  #1),Hiromu Arakawa/Akira Watanabe,4.50,1591169208,9781591169208,eng,192,111091,1427,5/3/2005,VIZ Media LLC,,
871,Fullmetal Alchemist  Vol. 4 (Fullmetal Alchemist  #4),Hiromu Arakawa/Akira Watanabe,4.55,1591169291,9781591169291,eng,200,10752,294,11/8/2005,VIZ Media LLC,,
872,The Illustrated Alchemist: A Fable about Following Your Dream,Paulo Coelho/Alan R. Clarke/Mœbius,3.86,006019250X,9780060192501,en-US,198,251,32,11/1/1998,HarperCollins Publishers,,
873,Fullmetal Alchemist  Vol. 2 (Fullmetal Alchemist  #2),Hiromu Arakawa/Akira Watanabe,4.52,1591169232,9781591169239,eng,192,14923,419,7/5/2005,VIZ Media LLC,,
880,Pompeii,Robert   Harris,3.82,812974611,9780812974614,eng,274,26922,1726,11/8/2005,Random House Trade Paperbacks,,
888,The Last Days of Pompeii,Edward Bulwer-Lytton/John Gregory Betancourt,3.60,158715739X,9781587157394,eng,360,1156,68,12/3/2002,Borgo Press,,
890,Of Mice and Men,John Steinbeck,3.87,142000671,9780142000670,eng,103,1755253,25554,1/8/2002,Penguin Books,,
900,The Game: Penetrating the Secret Society of Pickup Artists,Neil Strauss,3.74,60554738,9780060554736,en-US,464,20529,1592,9/6/2005,It Books,,
902,The Westing Game,Ellen Raskin,4.02,014240120X,9780142401200,eng,182,142121,8782,4/12/2004,Puffin,,
903,The Egypt Game,Zilpha Keatley Snyder,3.83,808553038,9780808553038,eng,215,30231,1130,7/7/2009,Turtleback Books,,
929,Memoirs of a Geisha,Arthur Golden,4.11,1400096898,9781400096893,eng,503,280309,3703,11/22/2005,Vintage Books USA,,
930,Memoirs of a Geisha,Arthur Golden,4.11,739326228,9780739326220,eng,434,1301083,19296,11/15/2005,Random House Large Print Publishing,,
931,Memoirs of a Geisha,Arthur Golden,4.11,99498189,9780099498186,en-US,497,2122,256,12/1/2005,Vintage,,
932,Memoirs of a Geisha: A Portrait of the Film,David        James/Peggy Mulloy/Rob Marshall/Arthur Golden,4.08,1557046832,9781557046833,eng,144,145,8,10/20/2005,Newmarket Press,,
933,Memoirs of a Geisha,Arthur Golden,4.11,99771519,9780099771517,eng,497,4189,462,6/4/1998,Vintage,,
935,Geisha of Gion,Mineko Iwasaki/Rande Brown,3.93,074343059X,9780743430593,eng,334,1556,158,5/6/2003,Pocket Books,,
941,Love As A Foreign Language #5,J. Torres/Eric  Kim,3.44,1932664394,9781932664393,eng,58,9,2,2/1/2006,Oni Press,,
944,Jungle Love,Margaret Johnson/Philip Prowse,3.41,521750849,9780521750844,eng,95,59,7,8/1/2002,Cambridge University Press,,
955,The 5 Love Languages / The 5 Love Languages Journal,Gary Chapman,4.70,802415318,9780802415318,eng,0,22,4,1/1/2005,Moody Publishers,,
960,Angels & Demons (Robert Langdon  #1),Dan Brown,3.89,1416524797,9781416524793,eng,736,2418736,21303,4/1/2006,Pocket Books,,
965,Ángeles y demonios (Robert Langdon  #1),Dan Brown,3.89,849561877X,9788495618771,spa,508,196,20,12/1/2005,Umbriel,,
966,Angeles & Demonios,Dan Brown/Raúl Amundaray,3.89,972859896,9780972859899,spa,18,65,7,12/1/2005,FonoLibro,,
968,The Da Vinci Code (Robert Langdon  #2),Dan Brown,3.84,307277674,9780307277671,eng,489,1679706,35877,3/28/2006,Anchor,,
969,The Da Vinci Code,Dan Brown,3.84,076792603X,9780767926034,eng,467,1120,105,3/28/2006,Broadway Books,,
972,Da Vinci Code (Robert Langdon  #2),Dan Brown/Daniel Roche,3.84,2266144340,9782266144346,fre,744,377,16,5/3/2005,Pocket,,
975,Deception Point,Dan Brown,3.71,1416524800,9781416524809,eng,736,4919,410,4/1/2006,Pocket Books,,
977,Deception Point,Dan Brown,3.71,552151769,9780552151764,eng,585,3353,183,5/1/2004,Corgi Books,,
980,Deception Point,Dan Brown,3.71,593055071,9780593055076,eng,448,61,4,8/1/2005,Bantam Press,,
987,A Killing Rain (Louis Kincaid  #6),P.J. Parrish,4.04,078601606X,9780786016068,eng,383,456,41,2/1/2005,Pinnacle,,
998,The Millionaire Next Door: The Surprising Secrets of America's Wealthy,Thomas J. Stanley/William D. Danko,4.03,671015206,9780671015206,eng,258,61760,2600,10/1/1998,Gallery Books,,
1005,Think and Grow Rich: The Landmark Bestseller Now Revised and Updated for the 21st Century,Napoleon Hill,4.18,1585424331,9781585424337,eng,320,88897,2334,9/1/2005,Tarcherperigee,,
1007,Think and Grow Rich,Napoleon Hill,4.18,1932429239,9781932429237,eng,368,48,9,8/7/2004,High Roads Media,,
1014,Pragmatic Version Control: Using Subversion (The Pragmatic Starter Kit Series),Mike   Mason,3.58,977616657,9780977616657,eng,256,173,14,6/7/2006,Pragmatic Bookshelf,,
1022,Read My Lips: Sexual Subversion and the End of Gender,Riki Anne Wilchins,3.95,1563410907,9781563410901,en-US,288,253,17,6/1/2005,Firebrand Books,,
1032,Trump: The Art of the Deal,Donald J. Trump/Tony Schwartz,3.66,345479173,9780345479174,en-US,384,12748,948,12/28/2004,Ballantine Books,,
1052,The Richest Man in Babylon,George S. Clason,4.26,451205367,9780451205360,eng,194,76451,3400,2/1/2008,Berkley Books,,
1053,The Richest Man in Babylon,George S. Clason,4.26,1419349996,9781419349997,eng,4,86,15,6/17/2005,Recorded Books  Inc.,,
1059,Shibumi,Trevanian/Gisela Stege,4.21,1400098033,9781400098033,eng,480,9498,637,5/10/2005,Broadway Books,,
1067,1776,David McCullough,4.07,743226720,9780743226721,eng,386,166916,6243,7/4/2006,Simon  Schuster,,
1068,1776,Peter  Stone/Sherman Edwards,4.22,140481397,9780140481396,eng,192,1299,30,11/18/1976,Penguin Books,,
1073,The Crescent Obscured: The United States and the Muslim World  1776-1815,Robert J. Allison,3.62,226014908,9780226014906,eng,284,31,5,7/15/2000,University of Chicago Press,,
1078,The Good Earth (House of Earth  #1),Pearl S. Buck,3.98,1416500189,9781416500186,eng,418,200744,7656,3/4/2009,Howard Publishing Co,,
1090,Purpose Driven Life - For Commuters: What on Earth Am I Here For?,Rick Warren,3.93,310258979,9780310258971,eng,5,26,2,3/15/2005,Zondervan,,
1097,Fast Food Nation: The Dark Side of the All-American Meal,Eric Schlosser,3.74,60838582,9780060838584,eng,399,190039,4922,7/5/2005,Harper Perennial,,
1099,Fast Food Nation: What The All-American Meal is Doing to the World,Eric Schlosser,3.74,141006870,9780141006871,eng,384,811,77,4/4/2002,Penguin Books,,
1103,Snow Flower and the Secret Fan,Lisa See,4.07,812968069,9780812968064,eng,269,297533,14935,2/21/2006,Random House,,
1110,The Broker,John Grisham,3.78,385340540,9780385340540,eng,422,72361,2334,9/26/2006,Delta,,
1111,The Power Broker: Robert Moses and the Fall of New York,Robert A. Caro,4.51,394720245,9780394720241,eng,1344,11208,1237,7/12/1975,Vintage,,
1117,The Power Broker: A Novel (Christian Gillette  #3),Stephen W. Frey,3.75,345480600,9780345480606,eng,320,28,1,7/25/2006,Ballantine Books,,
1120,Body For Life: 12 Weeks to Mental and Physical Strength,Bill Phillips/Michael D'Orso,3.74,60193395,9780060193393,en-US,201,3877,275,6/10/1999,HarperCollins Publishers  Inc.,,
1121,Body for Life for Women: A Woman's Plan for Physical and Mental Transformation,Pamela Peeke/Cindy Crawford,3.65,1579546013,9781579546014,en-US,288,401,63,4/1/2005,Rodale Books,,
1123,Eating for Life: Your Guide to Great Health  Fat Loss and Increased Energy!,Bill Phillips,3.95,972018417,9780972018418,eng,405,814,51,11/26/2003,High Point Media,,
1130,The Warren Buffett Way,Robert G. Hagstrom/Bill Miller/Kenneth L. Fisher,4.13,471743674,9780471743675,en-US,245,228,16,10/1/2005,John Wiley & Sons,,
1138,The Warren Buffett CEO: Secrets from the Berkshire Hathaway Managers,Robert P. Miles/Tom Osborne,4.07,471430455,9780471430452,eng,432,39,1,4/18/2003,Wiley,,
1164,Monkey Business: True Story of the Scopes Trial,Marvin N. Olasky/John R. Perry,3.15,805431578,9780805431575,eng,368,26,8,5/15/2005,B Books,,
1167,Junie B. Jones and a Little Monkey Business (Junie B. Jones  #2),Barbara Park/Denise Brunkus,3.99,679838864,9780679838869,en-US,68,11178,623,2/16/1993,Random House Books for Young Readers,,
1169,Monkey Business,Sarah Mlynowski,3.67,373250711,9780373250714,eng,392,3379,67,9/24/2004,Red Dress Ink,,
1171,Liar's Poker,Michael   Lewis,4.15,140143459,9780140143454,eng,256,22843,936,10/1/1990,Penguin Books,,
1177,Liar's Poker: A Harry Garnish Mystery,Frank McConnell,3.31,802732291,9780802732293,eng,214,13,1,6/1/1993,Walker & Company,,
1188,Risotto: 30 Simply Delicious Vegetarian Recipes from an Italian Kitchen,Ursula Ferrigno/Jason Lowe/Maxine  Clark,4.08,1841721476,694055000612,eng,64,8,2,3/1/2001,Ryland Peters & Small,,
1191,Giada's Family Dinners,Giada De Laurentiis/Victoria Pearson,3.96,030723827X,9780307238276,eng,256,14103,74,4/4/2006,Clarkson Potter,,
1192,Everyday Italian: 125 Simple and Delicious Recipes,Giada De Laurentiis,3.95,1400052580,9781400052585,eng,256,40125,217,2/22/2005,Clarkson Potter,,
1193,Everyday Pasta,Giada De Laurentiis/Victoria Pearson,4.09,307346587,9780307346582,eng,240,8822,55,4/3/2007,Clarkson Potter,,
1196,Tyler's Ultimate: Brilliant Simple Food to Make Any Time,Tyler Florence/Petrina Tinslay,4.09,1400052386,9781400052387,eng,256,3697,34,9/26/2006,Clarkson Potter,,
1197,Tyler Florence's Real Kitchen: An Indespensible Guide for Anybody Who Likes to Cook,Tyler Florence/JoAnn Cianciulli/Bill Bettencourt/Bobby Flay,4.06,609609971,9780609609972,eng,304,1426,16,3/25/2003,Clarkson Potter Publishers,,
1198,Eat This Book: Cooking with Global Fresh Flavors,Tyler Florence/Petrina Tinslay,3.92,1400052378,9781400052370,eng,287,275,15,10/1/2004,Clarkson Potter Publishers,,
1202,Freakonomics: A Rogue Economist Explores the Hidden Side of Everything,Steven D. Levitt/Stephen J. Dubner,3.97,61234001,9780061234002,eng,320,628745,13034,10/17/2006,William Morrow,,
1204,Freakonomics: Un economista políticamente incorrecto explora el lado oculto de lo que nos afecta,Steven D. Levitt/Stephen J. Dubner,3.97,8466625127,9788466625128,spa,250,193,23,8/1/2006,Ediciones B,,
1206,Freakonomics: A Rogue Economist Explores the Hidden Side of Everything,Steven D. Levitt/Stephen J. Dubner,3.97,61245135,9780061245138,en-US,496,98,5,12/8/2006,Harper,,
1218,The Last Assassin (John Rain  #5),Barry Eisler,4.27,399153594,9780399153594,eng,338,189,25,6/1/2006,Putnam Publishing Group,,
1226,Life of Pi,Yann Martel,3.91,156030209,9780156030205,en-US,401,4318,668,5/3/2004,Mariner Books / Harvest Books,,
1230,L'Histoire de Pi,Yann Martel/Nicole Martel/Emile Martel,3.91,828808392,9780828808392,fre,448,177,26,11/24/2005,Gallimard,,
1234,Shadows and Wind: A View of Modern Vietnam,Robert Templer,3.49,140285970,9780140285970,eng,400,102,8,9/1/1999,Penguin Books,,
1241,A Million Little Pieces,James Frey,3.65,307276902,9780307276902,eng,515,206011,10821,9/22/2005,Anchor Books,,
1242,A Million Little Pieces of Feces,Python Bonkers,3.56,1411677315,9781411677319,en-US,256,43,6,2/10/2006,Lulu.com,,
1243,A Million Little Lies,James Pinocchio/Pablo Fenjves,3.41,61171468,9780061171468,en-US,191,201,24,3/28/2006,William Morrow Paperbacks,,
1246,The Leadership Challenge,James M. Kouzes/Barry Z. Posner,4.05,787968331,9780787968335,en-US,458,873,40,8/7/2003,Jossey-Bass,,
1252,Lincoln on Leadership: Executive Strategies for Tough Times,Donald T. Phillips,4.14,446394599,9780446394598,eng,193,5354,281,2/1/1993,Business Plus,,
1255,Leadership in Organizations,Gary Yukl,3.68,131494848,9780131494848,en-GB,542,55,4,7/7/2005,Prentice Hall,,
1265,Leadership,Rudolph W. Giuliani,3.72,316861014,9780316861014,eng,397,1820,147,10/1/2002,Little  Brown,,
1274,Men Are from Mars  Women Are from Venus,John Gray,3.55,60574216,9780060574215,eng,368,132062,3303,4/3/2012,Harper Paperbacks,,
1276,Mars and Venus Book of Days: 365 Inspriations to Enrich Your Relationships,John Gray,3.62,60192771,9780060192778,en-US,368,18,1,10/21/1998,Harper,,
1281,Men Are from Mars  Women Are from Venus,John Gray,3.55,006123205X,9780061232053,eng,2,43,3,4/3/2007,HarperAudio,,
1290,How to Succeed with Women,Ron  Louis/David Copeland,3.76,735200300,9780735200302,en-US,320,82,13,10/29/1998,Prentice Hall Press,,
1295,The Clan of the Cave Bear (Earth's Children  #1),Jean M. Auel,4.05,553381679,9780553381672,eng,512,184418,4432,6/25/2002,Bantam,,
1296,The Clan of the Cave Bear (Earth's Children  #1),Jean M. Auel,4.05,517542021,9780517542026,eng,468,495,67,5/4/1980,Crown Publishing Group,,
1301,Moneyball: The Art of Winning an Unfair Game,Michael   Lewis,4.26,393324818,9780393324815,eng,317,85094,4155,3/17/2004,W. W. Norton  Company,,
1302,Juiced Official Strategy Guide,Doug Walsh,0.00,744005612,9780744005615,eng,112,0,0,6/1/2005,BradyGames,,
1303,The 48 Laws of Power,Robert Greene/Joost Elffers,4.18,140280197,9780140280197,eng,452,60946,3167,9/1/2000,Penguin (Business),,
1305,Gates of Fire,Steven Pressfield,4.42,055338368X,9780553383683,eng,392,21934,1629,9/27/2005,Bantam,,
1307,Fire Sea (The Death Gate Cycle  #3),Margaret Weis/Tracy Hickman,4.07,553295411,9780553295412,eng,414,16312,175,3/1/1992,Spectra Books,,
1312,The Gate of Fire (Oath Of Empire Book Two),Thomas Harlan,3.58,812590104,9780812590104,en-US,721,146,4,6/18/2001,Tor Classics,,
1315,The Afghan Campaign,Steven Pressfield,3.96,038551641X,9780385516419,eng,354,3002,198,7/1/2006,Doubleday Books,,
1317,Tides of War,Steven Pressfield,3.90,553381393,9780553381399,eng,448,3422,157,8/28/2001,Bantam,,
1318,Last of the Amazons,Steven Pressfield,3.76,553382047,9780553382044,eng,400,2138,125,7/1/2003,Bantam,,
1319,The War of Art: Break Through the Blocks & Win Your Inner Creative Battles,Steven Pressfield/Robert McKee,4.00,446691437,9780446691437,eng,168,53653,4702,4/1/2003,Warner Books,,
1320,Gita on the Green,Stephen J. Rosen/Steven Pressfield,3.78,826413013,9780826413017,en-US,176,14,2,5/30/2002,Continuum,,
1322,Blood Stripes: The Grunt's View of the War in Iraq,David J. Danelo/Steven Pressfield,3.91,811701646,9780811701648,eng,340,85,6,4/24/2006,Stackpole Books,,
1326,Phaedrus and Letters VII and VIII,Plato/Walter Hamilton,4.10,140442758,9780140442755,en-US,160,226,20,1/30/1973,Penguin Classics,,
1327,Phaedrus,Plato/Robin Waterfield,3.92,192802771,9780192802774,eng,128,29,6,1/16/2003,Oxford University Press  USA,,
1328,Phaedrus,Plato/C.J. Rowe,3.92,140449744,9780140449747,eng,176,236,22,8/25/2005,Penguin Classics,,
1334,Lysis/Phaedrus/Symposium: Plato on Homosexuality,Plato/Benjamin Jowett,4.47,879756322,9780879756321,eng,157,14,0,12/1/1991,Prometheus Books,,
1337,Enthusiasm and Divine Madness,Josef Pieper/Richard Winston/Clara Winston,4.50,189031823X,9781890318239,eng,125,26,4,2/11/2019,St. Augustines Press,,
1338,On Love: Lysis/Symposium/Phaedrus/Alcibiades/Selections from Republic & Laws,Plato/C.D.C. Reeve,4.06,872207889,9780872207882,eng,272,154,4,6/15/2006,Hackett Publishing Company  Inc.,,
1342,Gorgias/Phaedrus (Agora),Plato/James H. Nichols Jr.,4.35,801435307,9780801435300,eng,233,18,1,9/1/1998,Cornell University Press,,
1351,Statesman,Plato/C.J. Rowe,3.85,872204626,9780872204621,eng,128,28,7,3/15/1999,Hackett Publishing Company  Inc.,,
1354,Gorgias,Plato/Walter Hamilton/Chris Emlyn-Jones,3.95,140449043,9780140449044,en-GB,208,8186,198,1/29/2004,Penguin Classics,,
1362,The Histories,Herodotus/Aubrey de Sélincourt/John M. Marincola,3.99,140449086,9780140449082,eng,716,34727,597,1/30/2003,Penguin Books,,
1363,The Histories,Herodotus/Aubrey de Sélincourt/John M. Marincola,3.99,140446389,9780140446388,eng,622,227,18,9/1/1954,Penguin Classics,,
1364,The History (Great Minds),Herodotus/Henry Francis Cary,3.99,879757779,9780879757779,en-US,613,2,0,11/1/1992,Prometheus Books,,
1365,The Histories,Herodotus/Carolyn Dewald/Robin Waterfield,3.99,192824252,9780192824257,eng,772,271,41,11/19/1998,Oxford University Press,,
1366,The Histories,Herodotus/Aubrey de Sélincourt/Andrew Robert Burn,3.99,140440348,9780140440348,en-US,653,143,17,8/30/1970,Penguin Classics,,
1367,The Histories,Herodotus/Jennifer Tolbert Roberts/Walter Blanco,3.99,393959465,9780393959468,en-US,464,40,5,1/17/1992,W.W. Norton & Company,,
1368,The Histories,Herodotus/Edward Henry Blakeney/George Rawlinson/Rosalind Thomas,3.99,375400613,9780375400612,en-US,816,132,10,3/25/1997,Everyman's Library 234,,
1369,The History,Herodotus/Peter Grene,3.99,226327701,9780226327709,en-US,710,36,6,3/14/1987,University of Chicago Press,,
1371,The Iliad,Homer/Robert Fagles/Bernard Knox,3.86,140275363,9780140275360,eng,683,288792,3423,4/29/1999,Penguin Classics,,
1373,Iliad,Homer/Stanley Lombardo/Sheila Murnaghan,3.86,872203522,9780872203525,en-US,574,1058,137,3/12/1997,Hackett Publishing Company  Inc.,,
1374,The Iliad,Homer/Robert Fitzgerald/Andrew Ford,3.86,374529051,9780374529055,en-US,588,692,81,4/3/2004,Farrar  Straus and Giroux,,
1375,The Iliad/The Odyssey,Homer/Robert Fagles/Bernard Knox,4.04,147712556,9780147712554,eng,1556,54939,380,11/1/1999,Penguin Classics,,
1376,The Iliad,Homer/E.V. Rieu/Peter Jones/D.C.H. Rieu,3.86,140447946,9780140447941,eng,462,1919,118,1/30/2003,Penguin Classics,,
1377,The Iliad,Homer/W.H.D. Rouse,3.86,451527372,9780451527370,en-US,312,158,15,8/1/1999,Signet Classics,,
1378,The Essential Iliad,Homer/Sheila Murnaghan/Stanley Lombardo,3.86,872205428,9780872205420,en-US,216,212,18,9/15/2000,Hackett Publishing Company  Inc.,,
1381,The Odyssey,Homer/Robert Fagles/Bernard Knox,3.76,143039954,9780143039952,eng,541,760871,6557,11/30/2006,Penguin Classics,,
1382,The Odyssey,Homer/Robert Fitzgerald/D.S. Carne-Ross,3.76,374525749,9780374525743,eng,515,1713,179,11/5/1998,Farrar  Straus and Giroux,,
1383,The Odyssey,Homer/Richmond Lattimore,3.76,60931957,9780060931957,eng,374,1131,78,6/1/1999,Harper Perennial,,
1384,The Odyssey,Homer/E.V. Rieu/Peter Jones/D.C.H. Rieu,3.76,140449116,9780140449112,eng,324,2543,167,1/30/2003,Penguin Classics,,
1387,The Odyssey,Homer/W.H.D. Rouse,3.76,451527364,9780451527363,eng,304,262,24,8/1/1999,Signet Classics,,
1391,Aeneid: Selections from Books 1  2  4  6  10  12,Virgil/Barbara Weiden Boyd,4.35,086516584X,9780865165847,eng,161,69,6,1/1/2001,Bolchazy-Carducci Publishers,,
1402,Eclogues. Georgics. Aeneid: Books 1-6,Virgil/Henry Rushton Fairclough/G.P. Goold,4.22,067499583X,9780674995833,mul,607,414,10,10/1/1999,Harvard University Press,,
1403,City Eclogue,Ed Roberson,4.13,1891190237,9781891190230,eng,136,67,7,1/30/2006,Atelos Press,,
1405,The Eclogues and The Georgics,Virgil/Cecil Day-Lewis,3.80,192837680,9780192837684,eng,180,259,15,9/2/1999,Oxford University Press,,
1408,Paul Kirk's Championship Barbecue Sauces: 175 Make-Your-Own Sauces  Marinades  Dry Rubs  Wet Rubs  Mops and Salsas,Paul  Kirk,3.94,155832125X,9781558321250,eng,272,55,0,12/3/1997,Harvard Common Press,,
1417,The Complete Pelican Shakespeare,William Shakespeare/Stephen Orgel/A.R. Braunmuller,4.50,141000589,9780141000589,eng,1808,578,25,11/7/2002,Viking,,
1419,The Complete Works,William Shakespeare,4.50,517092948,9780517092941,eng,1248,62,6,10/13/1991,Gramercy,,
1420,Hamlet,William Shakespeare/Harold Bloom/Rex Gibson,4.02,521618746,9780521618748,eng,289,609271,7139,8/1/2005,Cambridge University Press,,
1423,The Compleat Works of Wllm Shkspr (abridged),Reduced Shakespeare Company/Adam Long/Daniel Singer/Jess Winfield,4.44,1557831572,9781557831576,eng,137,8159,118,2/1/1994,Applause Books,,
1424,The Pilgrimage: A Contemporary Quest for Ancient Wisdom,Paulo Coelho/Alan R. Clarke,3.64,006251279X,9780062512796,en-US,272,888,92,5/1/1995,HarperOne,,
1425,The Valkyries,Paulo Coelho/Alan R. Clarke,3.31,62513346,9780062513342,en-US,212,1204,79,9/28/1996,HarperOne,,
1426,Warrior of the Light,Paulo Coelho,3.70,60527986,9780060527983,en-US,142,22662,945,3/30/2004,HarperOne,,
1427,The Zahir,Paulo Coelho/Margaret Jull Costa,3.57,60832819,9780060832810,eng,336,58917,2575,7/3/2006,HarperOne,,
1428,By the River Piedra I Sat Down and Wept,Paulo Coelho/Alan R. Clarke,3.57,61122092,9780061122095,eng,208,70760,2702,5/23/2006,HarperOne,,
1429,The Fifth Mountain,Paulo Coelho/Clifford E. Landers,3.62,60930136,9780060930134,en-US,256,1415,68,4/26/2000,HarperOne,,
1431,Veronika Decides to Die,Paulo Coelho/Margaret Jull Costa/Kâmuran Şipal,3.70,61124265,9780061124266,eng,210,132064,5452,6/1/2006,Harper Perennial,,
1433,Hamlet,William Shakespeare/Stephen Orgel/A.R. Braunmuller,4.02,140714545,9780140714548,eng,148,1658,125,12/1/2001,Penguin Books,,
1437,Cliffs Notes on Shakespeare's Hamlet,Carla Lynn Stockton,3.69,764586033,9780764586033,en-US,129,65,6,5/30/2000,Cliffs Notes,,
1438,Shakespeare's Hamlet,William Shakespeare/Terri Mategrano,4.02,764585681,9780764585685,eng,240,102,16,5/29/2000,Cliffs Notes,,
1439,Hamlet's Mill: An Essay Investigating the Origins of Human Knowledge and Its Transmission Through Myth,Giorgio De Santillana/Hertha Von Dechend,4.29,879232153,9780879232153,eng,450,489,57,3/24/2015,Nonpareil Books,,
1440,History of the Peloponnesian War: Bk. 1-2,Thucydides/C.F. Smith,4.32,674991206,9780674991200,mul,496,208,7,1/1/1919,Harvard University Press,,
1441,On Justice  Power and Human Nature: Selections from The History of the Peloponnesian War,Thucydides/Paul Woodruff,3.72,872201686,9780872201682,eng,172,610,15,10/1/1993,Hackett Publishing Company  Inc.,,
1444,History of the Peloponnesian War: Bk. 5-6,Thucydides/C.F. Smith,4.35,674991222,9780674991224,mul,400,38,0,1/1/1921,Harvard University Press,,
1445,The Peloponnesian War,Thucydides/Steven Lattimore,3.90,872203948,9780872203945,eng,530,154,21,6/1/1998,Hackett Publishing Company  Inc.,,
1449,The Peloponnesian War: A New Translation  Backgrounds  Interpretations,Thucydides/Jennifer Tolbert Roberts/Walter Blanco,3.90,393971678,9780393971675,eng,554,24,4,7/17/1998,W. W. Norton & Company,,
1459,History of the Peloponnesian War  Bk. 7-8,Thucydides/C.F. Smith,4.29,674991877,9780674991873,eng,480,35,0,1/1/1923,Harvard University Press,,
1461,Thucydides  Book 6 Commentary,Cynthia W. Shelmerdine,4.50,929524357,9780929524351,eng,34,2,0,1/30/1989,Bryn Mawr Commentaries,,
1462,Euripides I: Alcestis / The Medea / The Heracleidae / Hippolytus,Euripides/Richmond Lattimore/David Grene/Rex Warner/Ralph Gladstone,4.03,226307808,9780226307800,eng,221,4483,56,2/15/1955,University of Chicago Press,,
1463,Euripides V: Electra / The Phoenician Women / The Bacchae,Euripides/David Grene/Richmond Lattimore/Emily Townsend Vermeule/Elizabeth Wyckoff/William Arrowsmith,4.21,226307840,9780226307848,eng,228,3334,46,1/15/1969,University of Chicago Press,,
1465,Euripides IV: Rhesus / The Suppliant Women / Orestes / Iphigenia in Aulis,Euripides/David Grene/Richmond Lattimore/William Arrowsmith/Frank William Jones/Charles R. Walker,4.21,226307832,9780226307831,eng,307,560,8,11/15/1968,University of Chicago Press,,
1466,Grief Lessons: Four Plays by Euripides,Anne Carson/Euripides,4.40,1590171802,9781590171806,eng,312,679,85,8/1/2006,New York Review of Books,,
1467,Ten Plays,Euripides/Moses Hadas/John Maclean,4.17,553213636,9780553213638,en-US,432,1464,21,8/1/1990,Bantam Classics,,
1468,Euripides III: Hecuba / Andromache / The Trojan Women / Ion (Complete Greek Tragedies  #7),Euripides/David Grene/Richmond Lattimore/William Arrowsmith/John Frederick Nims/Ronald Frederick Willetts,4.00,226307824,9780226307824,eng,255,541,15,1/15/1992,University of Chicago Press,,
1470,Euripides II: The Cyclops / Heracles / Iphigenia in Tauris / Helen,Euripides/David Grene/Richmond Lattimore/Witter Bynner/William Arrowsmith,4.31,226307816,9780226307817,eng,264,790,12,4/15/2002,University of Chicago Press,,
1473,Medea and Other Plays,Euripides/John Davie/Richard Rutherford,4.03,140449299,9780140449297,eng,206,9197,120,3/27/2003,Penguin Books,,
1474,Cyclops / Alcestis / Medea,Euripides/David Kovacs,4.23,674995600,9780674995604,mul,432,61,4,1/1/1994,Loeb Classical Library,,
1475,Medea,Euripides/Donald J. Mastronarde,3.87,521643864,9780521643863,grc,431,201,9,9/16/2002,Cambridge University Press,,
1476,The Bacchae and Other Plays,Euripides/John Davie/Richard Rutherford,4.14,140447261,9780140447262,eng,360,164,8,1/26/2006,Penguin Classics,,
1479,Bakkhai,Euripides/Reginald Gibbons/Peter H. Burian,3.88,195125983,9780195125986,eng,160,154,13,2/22/2001,Oxford University Press  USA,,
1480,Plays 1: Medea/The Phoenician Women/Bacchae,Euripides/David Thompson/J. Michael Walton,3.78,413752801,9780413752802,eng,192,9,0,11/9/2000,Bloomsbury Methuen Drama,,
1486,The Trojan Women and Hippolytus,Euripides,3.63,486424626,9780486424620,eng,64,34,4,7/17/2002,Dover Publications,,
1488,The Bacchae of Euripides: A Communion Rite,Wole Soyinka,3.86,393325830,9780393325836,eng,128,116,6,7/17/2004,W. W. Norton  Company,,
1489,Orestes and Other Plays,Euripides/James Morwood/Robin Waterfield,4.10,192832603,9780192832603,eng,282,158,2,12/20/2001,Oxford University Press,,
1491,Children of Heracles / Hippolytus / Andromache / Hecuba,Euripides/David Kovacs,4.26,674995333,9780674995338,mul,528,27,5,2/15/1995,Loeb Classical Library,,
1494,Alcestis,Euripides/William Arrowsmith,3.83,195061667,9780195061666,eng,142,1950,95,2/1/1990,Oxford University Press  USA,,
1495,Suppliant Women / Electra / Heracles,Euripides/David Kovacs,4.47,067499566X,9780674995666,mul,464,30,4,9/1/1998,Loeb Classical Library,,
1499,Medea,Euripides/Georgia Ann Machemer/Michael   Collier,3.87,195145666,9780195145663,eng,116,367,35,8/10/2006,Oxford University Press  USA,,
1504,Euripides: Medea,William Allan,4.04,071563187X,9780715631874,eng,160,23,1,10/31/2002,Bristol Classical Press,,
1506,CliffsNotes on Euripides' Medea and Electra,Robert J. Milch,4.20,822004240,9780822004240,eng,69,5,0,9/13/1965,Cliffs Notes,,
1509,Trojan Women / Iphigenia Among the Taurians / Ion,Euripides/David Kovacs,4.03,674995740,9780674995741,mul,528,29,2,12/1/1999,Loeb Classical Library,,
1510,Helen / Phoenician Women / Orestes,Euripides/David Kovacs,4.07,674996003,9780674996007,mul,605,25,3,6/15/2002,Loeb Classical Library,,
1511,Euripides: Iphigenia at Aulis (Companions to Greek & Roman Tragedy),Euripides/Pantelis Michelakis,4.03,715629948,9780715629949,eng,144,12,1,3/9/2006,Bristol Classical Press,,
1515,The Complete Greek Tragedies  Volume 3: Euripides,Euripides/David Grene/Richmond Lattimore,4.43,226307662,9780226307664,eng,672,46,7,8/1/1992,University of Chicago Press,,
1516,Aeschylus I: Oresteia (Agamemnon  The Libation Bearers  The Eumenides),Aeschylus/David Grene/Richmond Lattimore,4.02,226307786,9780226307787,en-US,171,712,53,5/15/1969,University of Chicago Press,,
1517,Aeschylus II: The Suppliant Maidens  The Persians  Seven against Thebes  and Prometheus Bound (The Complete Greek Tragedies),Aeschylus/David Grene/Richmond Lattimore/Seth Benardete,4.10,226307948,9780226307947,eng,188,389,26,2/1/1992,University of Chicago Press,,
1518,The Oresteia,Aeschylus/Alan Shapiro/Peter H. Burian,4.02,019513592X,9780195135923,eng,304,77,7,10/7/2004,Oxford University Press  USA,,
1519,The Oresteia: Agamemnon  The Libation Bearers  The Eumenides,Aeschylus/Robert Fagles/William Bedell Stanford,4.02,140443339,9780140443332,eng,335,28726,591,2/7/1984,Penguin Classics,,
1521,Oresteia,Aeschylus/Peter Meineck/Helene P. Foley,4.02,872203905,9780872203907,eng,224,303,21,9/15/1998,Hackett Publishing Company  Inc.,,
1523,Prometheus Bound and Other Plays,Aeschylus/Philip Vellacott,4.10,140441123,9780140441123,eng,160,4303,62,8/30/1961,Penguin Books,,
1525,The Oresteia,Aeschylus/Ted Hughes,4.02,374527059,9780374527051,en-US,208,215,25,9/4/2004,Farrar  Straus and Giroux,,
1526,Aeschylus  1: The Oresteia: Agamemnon/The Libation Bearers/The Eumenides,Aeschylus/David R. Slavitt/Smith Palmer Bovie,4.02,081221627X,9780812216271,eng,178,12,3,11/1/1997,University of Pennsylvania Press,,
1527,The Complete Greek Tragedies  Volume 1: Aeschylus,Aeschylus/Richmond Lattimore/David Grene,4.10,226307646,9780226307640,eng,358,74,7,8/1/1992,University of Chicago Press,,
1529,Aeschylus: The Oresteia (A Student Guide: Landmarks of World Literature),Simon Goldhill,4.03,521539811,9780521539814,eng,95,31,3,1/22/2004,Cambridge University Press,,
1530,The Oresteia: Agamemnon  Choephoroe & Eumenides (Everyman's Library  No. 260),Aeschylus/George Thomson/Richard Seaford,4.02,1400041929,9781400041923,eng,127,63,8,1/20/2004,Everyman's Library,,
1531,Aeschylus 2: The Persians/Seven Against Thebes/The Suppliants/Prometheus Bound,Aeschylus/David R. Slavitt/Smith Palmer Bovie,4.10,812216717,9780812216714,en-GB,232,12,2,1/1/1998,University of Pennsylvania Press,,
1532,The Oresteia Trilogy: Agamemnon/The Libation-Bearers/The Furies,Aeschylus/E.D.A. Morshead,4.02,486292428,9780486292427,eng,151,89,8,9/24/1996,Dover Publications,,
1533,The Suppliant Maidens/The Persians/Seven against Thebes/Prometheus Bound,Aeschylus/E.D.A. Morshead,4.10,1419150014,9781419150012,eng,208,1,0,6/17/2004,Kessinger Publishing,,
1536,Sophocles II: Ajax/Women of Trachis/Electra/Philoctetes (Complete Greek Tragedies 4),Sophocles/David Grene/Richmond Lattimore/John Moore/Michael Jameson,4.14,226307867,9780226307862,eng,254,5032,36,5/15/1969,University of Chicago Press,,
1537,The Oedipus Plays of Sophocles: Oedipus the King, Oedipus at Colonus, Antigone,Sophocles/Paul Roche,3.97,452011671,9780452011670,eng,288,553,46,5/1/1996,Plume
1538,The Complete Plays,Sophocles/Paul Roche,4.27,451527844,9780451527844,eng,420,2883,40,3/1/2001,New American Library,,
1540,The Oedipus Cycle: Oedipus Rex  Oedipus at Colonus  Antigone,Sophocles/Robert Fitzgerald/Dudley Fitts,3.97,015602764X,9780156027649,eng,259,45589,726,11/1/2002,Mariner Books,,
1542,The Three Theban Plays: Antigone  Oedipus the King  Oedipus at Colonus,Sophocles/Robert Fagles/Bernard Knox,3.97,140444254,9780140444254,eng,430,2979,288,1/3/2000,Penguin Books,,
1546,Theban Plays,Sophocles/Peter Meineck/Paul Woodruff,3.97,872205851,9780872205857,en-US,304,109,7,3/15/2003,Hackett Publishing Company  Inc.,,
1547,The Theban Plays (Everyman's Library  #93),Sophocles/David Grene/Charles Segal,3.97,679431322,9780679431329,en-US,223,52,3,10/18/1994,Alfred A. Knopf,,
1548,Electra and Other Plays,Sophocles/E.F. Watling,4.14,140440283,9780140440287,eng,218,135,9,4/30/1953,Penguin,,
1549,Antigone, Oedipus the Kingn, Electra,Sophocles/Edith Hall/H.D.F. Kitto,3.94,192835882,9780192835888,eng,178,13358,199,9/17/1998,Oxford University Press
1554,Oedipus Rex  (The Theban Plays  #1),Sophocles/J.E. Thomas,3.70,1580495931,9781580495936,eng,75,141555,1776,6/22/2006,Prestwick House - (Literary Touchstone Classic),,
1555,The Oedipus Plays of Sophocles,Sophocles/Paul Roche,3.97,451621603,9780451621603,eng,390,8,1,9/1/1958,Signet Books (NY),,
1558,Oedipus Rex (Greek and Latin Classics),Sophocles/Roger D. Dawe,3.70,521617359,9780521617352,grc,214,218,1,8/1/2006,Cambridge University Press,,
1559,Oedipus the King,Sophocles/Bernard Knox/Cynthia Brantley Johnson,3.70,1416500332,9781416500339,eng,144,740,57,7/1/2005,Simon  Schuster,,
1560,Four Plays: The Clouds/The Birds/Lysistrata/The Frogs,Aristophanes/William Arrowsmith/Richmond Lattimore/Douglass Parker,4.06,452007178,9780452007178,eng,624,6086,79,11/1/1984,Plume,,
1561,Three Plays by Aristophanes: Lysistrata/Women at the Thesmophoria/Assemblywomen,Aristophanes/Jeffrey Henderson,3.94,415907446,9780415907446,eng,256,96,8,8/27/1996,Routledge,,
1562,The Complete Plays,Aristophanes/Moses Hadas,4.21,553213431,9780553213430,eng,577,1998,33,3/1/1984,Bantam Classics,,
