bookID,title,authors,average_rating,  num_pages
1,Harry Potter and the Half-Blood Prince (Harry Potter  #6),J.K. Rowling/Mary GrandPré,4.57,652
2,Harry Potter and the Order of the Phoenix (Harry Potter  #5),J.K. Rowling/Mary GrandPré,4.49,870
4,Harry Potter and the Chamber of Secrets (Harry Potter  #2),J.K. Rowling,4.42,352
5,Harry Potter and the Prisoner of Azkaban (Harry Potter  #3),J.K. Rowling/Mary GrandPré,4.56,435
8,Harry Potter Boxed Set  Books 1-5 (Harry Potter  #1-5),J.K. Rowling/Mary GrandPré,4.78,2690
9,"Unauthorized Harry Potter Book Seven News: ""Half-Blood Prince"" Analysis and Speculation",W. Frederick Zimmerman,3.74,152
10,Anastasia te riega la mandanga,La terfa,4.73,123
12,The Ultimate Hitchhiker's Guide: Five Complete Novels and One Story (Hitchhiker's Guide to the Galaxy  #1-5),Douglas Adams,4.38,815
13,The Ultimate Hitchhiker's Guide to the Galaxy (Hitchhiker's Guide to the Galaxy  #1-5),Douglas Adams,4.38,815
14,The Hitchhiker's Guide to the Galaxy (Hitchhiker's Guide to the Galaxy  #1),Douglas Adams,4.22,215
16,The Hitchhiker's Guide to the Galaxy (Hitchhiker's Guide to the Galaxy  #1),Douglas Adams/Stephen Fry,4.22,6
18,The Ultimate Hitchhiker's Guide (Hitchhiker's Guide to the Galaxy  #1-5),Douglas Adams,4.38,815
21,A Short History of Nearly Everything,Bill Bryson,4.21,544
22,Bill Bryson's African Diary,Bill Bryson,3.44,55
23,Bryson's Dictionary of Troublesome Words: A Writer's Guide to Getting It Right,Bill Bryson,3.87,256
24,In a Sunburned Country,Bill Bryson,4.07,335
25,I'm a Stranger Here Myself: Notes on Returning to America After Twenty Years Away,Bill Bryson,3.90,304
26,The Lost Continent: Travels in Small Town America,Bill Bryson,3.83,299
27,Neither Here nor There: Travels in Europe,Bill Bryson,3.86,254
28,Notes from a Small Island,Bill Bryson,3.91,324
29,The Mother Tongue: English and How It Got That Way,Bill Bryson,3.93,270
30,J.R.R. Tolkien 4-Book Boxed Set: The Hobbit and The Lord of the Rings,J.R.R. Tolkien,4.59,1728
31,The Lord of the Rings (The Lord of the Rings  #1-3),J.R.R. Tolkien,4.50,1184
34,The Fellowship of the Ring (The Lord of the Rings  #1),J.R.R. Tolkien,4.36,398
35,The Lord of the Rings (The Lord of the Rings  #1-3),J.R.R. Tolkien/Alan  Lee,4.50,1216
36,The Lord of the Rings: Weapons and Warfare,Chris   Smith/Christopher  Lee/Richard Taylor,4.53,218
37,The Lord of the Rings: Complete Visual Companion,Jude Fisher,4.50,224
45,Agile Web Development with Rails: A Pragmatic Guide,Dave Thomas/David Heinemeier Hansson/Leon Breedt/Mike Clark/Thomas  Fuchs/Andreas  Schwarz,3.84,558
50,Hatchet (Brian's Saga  #1),Gary Paulsen,3.72,208
51,"Hatchet: A Guide for Using ""Hatchet"" in the Classroom",Donna Ickes/Edward Sciranko/Keith Vasconcelles,4.00,48
53,Guts: The True Stories behind Hatchet and the Brian Books,Gary Paulsen,3.88,144
54,Molly Hatchet - 5 of the Best,Molly Hatchet,4.33,56
55,Hatchet Jobs: Writings on Contemporary Fiction,Dale Peck,3.45,228
57,A Changeling for All Seasons (Changeling Seasons #1),Angela Knight/Sahara Kelly/Judy Mays/Marteeka Karland/Kate Douglas/Shelby Morgen/Lacey Savage/Kate Hill/Willa Okati,3.76,304
58,Changeling (Changeling  #1),Delia Sherman,3.60,256
59,The Changeling Sea,Patricia A. McKillip,4.06,137
61,The Changeling,Zilpha Keatley Snyder,4.17,228
63,The Changeling,Kate Horsley,3.55,339
66,The Changeling (Daughters of England  #15),Philippa Carr,3.98,369
67,The Known World,Edward P. Jones,3.83,388
68,The Known World,Edward P. Jones/Kevin R. Free,3.83,14
69,The Known World,Edward P. Jones,3.83,576
71,Traders  Guns & Money: Knowns and Unknowns in the Dazzling World of Derivatives,Satyajit Das,3.83,334
72,Artesia: Adventures in the Known World,Mark Smylie,4.13,352
74,The John McPhee Reader (John McPhee Reader  #1),John McPhee/William Howarth,4.42,416
75,Uncommon Carriers,John McPhee,3.95,248
76,Heirs of General Practice,John McPhee,4.17,128
77,The Control of Nature,John McPhee,4.24,288
78,Annals of the Former World,John McPhee,4.34,720
79,Coming Into the Country,John McPhee,4.22,448
80,La Place de la Concorde Suisse,John McPhee,3.92,160
81,Giving Good Weight,John McPhee,4.23,288
83,Rising from the Plains,John McPhee,4.23,208
85,The Heidi Chronicles,Wendy Wasserstein,3.75,81
86,The Heidi Chronicles: Uncommon Women and Others & Isn't It Romantic,Wendy Wasserstein,3.84,249
89,Active Literacy Across the Curriculum: Strategies for Reading  Writing  Speaking  and Listening,Heidi Hayes Jacobs,3.94,138
90,Simply Beautiful Beaded Jewelry,Heidi Boyd,3.77,128
91,Always Enough: God's Miraculous Provision Among the Poorest Children on Earth,Heidi Baker/Rolland Baker,4.46,192
92,Mapping the Big Picture: Integrating Curriculum & Assessment K-12,Heidi Hayes Jacobs,3.68,108
93,Heidi (Heidi  #1-2),Johanna Spyri/Beverly Cleary/Angelo  Rinaldi,3.99,352
94,Getting Results with Curriculum Mapping,Heidi Hayes Jacobs,3.25,192
96,There's Always Enough: The Miraculous Move of God in Mozambique,Rolland Baker/Heidi Baker,4.46,192
98,What to Expect the First Year (What to Expect),Heidi Murkoff/Sharon Mazel/Arlene Eisenberg/Sandee Hathaway/Mark D. Widome,3.89,832
99,The Player's Handbook: The Ultimate Guide on Dating and Relationships,Heidi Fleiss/Libby Keatinge,3.82,123
100,Simply Beautiful Beading: 53 Quick and Easy Projects,Heidi Boyd,3.78,128
103,God Emperor of Dune (Dune Chronicles  #4),Frank Herbert,3.84,423
105,Chapterhouse: Dune (Dune Chronicles #6),Frank Herbert,3.91,436
106,Dune Messiah (Dune Chronicles #2),Frank Herbert,3.88,331
107,Dreamer of Dune: The Biography of Frank Herbert,Brian Herbert,4.01,592
109,Heretics of Dune (Dune Chronicles  #5),Frank Herbert,3.86,480
110,The Road to Dune,Frank Herbert/Brian Herbert/Kevin J. Anderson,3.88,426
117,Heretics of Dune (Dune Chronicles #5),Frank Herbert,3.86,471
119,The Lord of the Rings: The Art of the Fellowship of the Ring,Gary Russell,4.59,192
122,The Power of One (The Power of One  #1),Bryce Courtenay,4.35,544
123,The Power of One (The Power of One  #1),Bryce Courtenay,4.35,291
129,The Power of One: One Person  One Rule  One Month,John C. Maxwell/Stephen R. Graves/Thomas G. Addington,4.28,256
130,Power of an Hour: Business and Life Mastery in One Hour a Week,Dave Lakhani,3.34,205
131,The Power of One: The Solo Play for Playwrights  Actors  and Directors,Louis E. Catron,3.67,240
132,How to Buy  Sell & Profit on eBay: Kick-Start Your Home-Based Business in Just Thirty Days,Adam Ginsberg,3.48,336
133,eBay for Dummies,Marsha Collier,3.50,386
135,What to Sell on ebay and Where to Get It: The Definitive Guide to Product Sourcing for eBay and Beyond,Chris Malta/Lisa Suttora,3.62,260
137,Starting an eBay Business for Dummies,Marsha Collier,3.55,384
138,eBay: Top 100 Simplified Tips & Tricks,Julia Wilkinson,4.27,260
139,ebay Timesaving Techniques for Dummies,Marsha Collier,3.39,391
140,eBay Business All-in-One Desk Reference for Dummies,Marsha Collier,3.89,864
141,Ruby Cookbook,Lucas Carlson/Leonard Richardson,3.84,873
142,Ruby Ann's Down Home Trailer Park Cookbook,Ruby Ann Boxcar,4.12,240
144,Ruby Ann's Down Home Trailer Park BBQin' Cookbook,Ruby Ann Boxcar,4.08,206
147,Rails Cookbook: Recipes for Rapid Web Development with Ruby,Rob Orsini,3.48,514
151,Anna Karenina,Leo Tolstoy/Richard Pevear/Larissa Volokhonsky,4.05,838
152,Anna Karenina,Leo Tolstoy/David Magarshack/Priscilla Meyer,4.05,960
153,Anna Karenina,Leo Tolstoy/Richard Pevear/Larissa Volokhonsky/John Bayley,4.05,837
154,CliffsNotes on Tolstoy's Anna Karenina,Marianne Sturman/Leo Tolstoy,3.85,80
155,Anna Karenina,Leo Tolstoy/Amy Mandelker/Constance Garnett,4.05,803
156,Anna Karenina,Leo Tolstoy/Louise Maude/Aylmer Maude,4.05,752
157,Anna Karenina,Leo Tolstoy/Constance Garnett/Amy Mandelker,4.05,803
159,Dinner with Anna Karenina,Gloria Goldreich,2.99,360
160,Tolstoy: Anna Karenina,Anthony Thorlby,4.19,128
162,Untouchable,Mulk Raj Anand/E.M. Forster,3.71,160
163,The Untouchable,John Banville,3.95,367
164,The Untouchables,Eliot Ness/Oscar Fraley,3.89,256
165,Untouchables: My Family's Triumphant Journey Out of the Caste System in Modern India,Narendra Jadhav,3.82,320
166,Dalit: The Black Untaouchables of India,V.T. Rajshekar/Y.N. Kly,4.20,100
168,Growing Up Untouchable in India: A Dalit Autobiography,Vasant Moon/Gail Omvedt/Eleanor Zelliot,3.65,224
171,The Evidence-Based Social Work Skills Book,Barry R. Cournoyer,3.40,216
177,"A Wrinkle in Time: A Guide for Using ""A Wrinkle in Time"" in the Classroom",John Carratello/Patty Carratello/Theresa Wright,4.00,48
180,Wrinkles in Time,George Smoot/Keay Davidson,4.01,360
181,A Wrinkle in Time: With Related Readings (A Wrinkle in Time Quintet #1),Madeleine L'Engle,4.00,250
182,Literature Circle Guide: A Wrinkle in Time,Tara MacCarthy,3.60,32
201,Una arruga en el tiempo – A Wrinkle in Time,Madeleine L'Engle,4.00,205
204,The Long Shadow (The Morland Dynasty  #6),Cynthia Harrod-Eagles,4.12,367
205,A Long Shadow (Inspector Ian Rutledge  #8),Charles Todd,4.11,352
207,Long Way Round: Chasing Shadows Across the World,Ewan McGregor/Charley Boorman/Robert Uhlig,3.94,320
208,A Shadow in Summer (Long Price Quartet  #1),Daniel Abraham,3.60,331
213,New Hope for the Dead (Hoke Mosely #2),Charles Willeford/James Lee Burke,3.90,244
214,Sideswipe: A Hoke Moseley Novel,Charles Willeford/Lawrence Block,4.05,215
216,Miami Blues (Hoke Moseley #1),Charles Willeford/Elmore Leonard,3.94,191
230,The Burnt Orange Heresy (Vintage Crime/Black Lizard),Charles Willeford,3.89,144
231,I am Charlotte Simmons,Tom Wolfe,3.42,738
237,Poetry for Young People: Edward Lear,Edward Lear/Laura Huliska-Beith/Edward Mendelson,3.91,48
244,The Puffin Book of Nonsense Verse,Quentin Blake,4.02,287
245,Henry Miller on Writing,Henry Miller/Thomas H. Moore,4.22,217
247,Quiet Days in Clichy,Henry Miller,3.69,154
249,Tropic of Cancer,Henry Miller/Jiří Níl,3.68,318
250,Tropic of Capricorn,Henry Miller,3.78,348
251,Nexus (The Rosy Crucifixion  #3),Henry Miller,4.10,316
252,Sexus (The Rosy Crucifixion  #1),Henry Miller,3.98,506
253,The Air-Conditioned Nightmare,Henry Miller,3.83,292
264,The Portrait of a Lady,Henry James/Patricia Crick,3.78,797
269,The Portrait of a Lady,Henry James/Gabriel Brownstein/Mary Cregan,3.78,635
277,Writing,Marguerite Duras,3.75,91
278,The War,Marguerite Duras/Barbara Bray,3.85,192
280,The Ravishing of Lol Stein,Marguerite Duras/Richard Seever,3.66,181
285,Love Letters,Kahlil Gibran/Suheil Bushrui/Salma H. Al-Kuzbari,3.68,178
288,Kahlil Gibran: His Life and World,Jean Gibran/جبران خليل جبران/Kahlil Gibran,4.21,464
289,The Beloved: Reflections on the Path of the Heart,Kahlil Gibran/John Walbridge/Robin Waterfield,4.19,102
290,Jesus the Son of Man,Kahlil Gibran/جبران خليل جبران,3.98,216
291,The Broken Wings,Kahlil Gibran/جبران خليل جبران/Anthony Rizcallah Ferris,3.92,132
292,Sand and Foam,Kahlil Gibran/جبران خليل جبران,4.08,100
295,Treasure Island,Robert Louis Stevenson,3.83,311
296,Treasure Island,Robert Louis Stevenson/Scott McKowen,3.83,213
297,Treasure Island,Robert Louis Stevenson,3.83,245
298,Treasure Island,Robert Louis Stevenson/N.C. Wyeth/Timothy Meis,3.83,64
299,Treasure Island,Robert Louis Stevenson/Milo Winter,3.83,272
302,Treasure Island (Great Illustrated Classics),Deidre S. Laiken/A.J. McAllister/Robert Louis Stevenson,4.05,232
313,100 Years of Lynchings,Ralph Ginzburg,4.61,270
324,Cien años de soledad,Gabriel García Márquez,4.07,448
330,On Beyond Zebra!,Dr. Seuss,4.04,64
332,The Wedding Clause,Debbie Raleigh,3.60,256
333,The Zebra Wall,Kevin Henkes,3.44,147
337,El perfume: Historia de un asesino,Patrick Süskind,4.02,239
348,The Door Into Summer,Robert A. Heinlein,4.01,304
350,Stranger in a Strange Land,Robert A. Heinlein,3.92,528
354,To Sail Beyond the Sunset,Robert A. Heinlein,3.87,434
355,Job: A Comedy of Justice,Robert A. Heinlein,3.78,439
356,Time for the Stars (Heinlein's Juveniles  #10),Robert A. Heinlein,3.97,256
357,The Long Dark Tea-Time of the Soul (Dirk Gently  #2),Douglas Adams,4.06,307
359,The Salmon of Doubt (Dirk Gently  #3),Douglas Adams,3.93,298
362,Wish You Were Here: The Official Biography of Douglas Adams,Nick  Webb,4.14,368
367,Douglas Adams's Starship Titanic,Terry Jones,3.60,256
377,Salmon of Doubt: Hitchhiking the Galaxy One Last Time,Douglas Adams/Christopher Cerf,3.93,336
382,The Phantom Tollbooth: A Children's Play in Two Acts,Susan Nanus/Norton Juster,4.13,72
385,On Bullshit,Harry G. Frankfurt,3.57,67
386,Another Bullshit Night in Suck City,Nick Flynn,3.78,347
394,Lincoln at Gettysburg: The Words That Remade America,Garry Wills,4.14,317
397,The Gettysburg Address,Abraham Lincoln/Michael McCurdy,4.53,32
399,Underworld,Don DeLillo,3.92,827
400,Libra,Don DeLillo,3.99,480
403,Americana,Don DeLillo,3.43,377
404,Running Dog,Don DeLillo,3.43,256
406,Cosmopolis,Don DeLillo,3.22,224
407,Great Jones Street,Don DeLillo,3.48,272
408,The Names,Don DeLillo,3.64,339
409,Against the Day,Thomas Pynchon,4.13,1085
410,V.,Thomas Pynchon,3.96,547
411,The Crying of Lot 49,Thomas Pynchon,3.69,152
412,Gravity's Rainbow,Thomas Pynchon,4.01,784
413,Mason & Dixon,Thomas Pynchon/Christophe Claro/Brice Matthieussent,4.07,773
414,Vineland,Thomas Pynchon,3.69,385
415,Gravity's Rainbow,Thomas Pynchon,4.01,776
416,Slow Learner: Early Stories,Thomas Pynchon,3.50,193
418,Been Down So Long It Looks Like Up To Me,Richard Fariña/Thomas Pynchon,3.80,352
420,The Year of Magical Thinking,Joan Didion,3.89,227
421,The White Album,Joan Didion,4.17,222
422,A Book of Common Prayer,Joan Didion,3.80,272
423,Where I Was From,Joan Didion,3.86,240
424,Slouching Towards Bethlehem,Joan Didion,4.21,238
425,Democracy,Joan Didion,3.81,234
426,We Tell Ourselves Stories in Order to Live: Collected Nonfiction,Joan Didion/John Leonard,4.50,1122
428,Play It As It Lays,Joan Didion/David Thomson,3.87,231
431,The New York Trilogy,Paul Auster/Art Spiegelman/Luc Sante,3.89,308
432,City of Glass (The New York Trilogy  #1),Paul Auster,3.79,203
434,Ghosts (The New York Trilogy  #2),Paul Auster,3.64,96
435,The Locked Room (The New York Trilogy  #3),Paul Auster,3.89,179
444,Pyramids of Montauk: Explorations in Consciousness,Peter Moon/Preston B. Nichols/Nina Helms,3.89,256
446,The Brooklyn Follies,Paul Auster,3.84,306
447,Moon Palace,Paul Auster,3.94,320
453,The Music of Chance,Paul Auster,3.90,217
454,Travels in the Scriptorium,Paul Auster,3.23,145
456,Leviathan,Paul Auster,3.96,275
463,The Red Notebook: True Stories,Paul Auster,3.77,104
466,Timbuktu / Leviathan / Moon Palace,Paul Auster,4.38,1075
475,Collapse: How Societies Choose to Fail or Succeed,Jared Diamond,3.93,608
476,The Coming Economic Collapse: How You Can Thrive When Oil Costs $200 a Barrel,Stephen Leeb/Glen C. Strathy,3.40,211
477,Collapse of Complex Societies,Joseph A. Tainter,4.15,262
478,Bowling Alone: The Collapse and Revival of American Community,Robert D. Putnam,3.80,544
481,The Collapse of the Common Good: How America's Lawsuit Culture Undermines Our Freedom,Philip K. Howard,3.91,272
484,Reinventing the Enemy's Language: Contemporary Native Women's Writings of North America,Joy Harjo/Gloria Bird/Beth Cuthand/Valerie Martinez/Patricia Blanco,4.39,576
493,My Inventions,Nikola Tesla,4.01,88
494,Wizard: The Life and Times of Nikola Tesla: Biography of a Genius,Marc J.  Seifer/William H. Terbo,3.78,542
497,Nikola Tesla: A Spark of Genius,Carol Dommermuth-Costa,3.93,144
498,Tesla Papers,Nikola Tesla/David Hatcher Childress,4.13,100
511,Boys of Summer,Julie Elizabeth Leto/Leslie Kelly/Kimberly Raye,3.77,249
515,Programming Ruby: The Pragmatic Programmers' Guide,Dave Thomas/Chad Fowler/Andy Hunt,4.03,828
523,Golding's Lord of the Flies (Cliffs Notes),Maureen Kelly/CliffsNotes/William Golding,3.95,112
524,Lord of the Flies,William Golding,3.68,6
531,A War Like No Other: How the Athenians & Spartans Fought the Peloponnesian War,Victor Davis Hanson,4.11,397
534,We Were Not Like Other People,Ephraim Sevela/Antonina W. Bouis,4.14,216
537,The Lovely Bones,Alice Sebold,3.81,328
538,The Lovely Bones,Alice Sebold,3.81,532
539,Lovely in Her Bones (Elizabeth MacPherson  #2),Sharyn McCrumb,3.80,224
565,The Zen of CSS Design: Visual Enlightenment for the Web,Dave Shea/Molly E. Holzschlag,3.98,296
570,HTML  XHTML  and CSS (Visual Quickstart Guide),Elizabeth Castro,3.80,456
576,1000 Record Covers,Michael Ochs/Patrick Javault/Ulrike Wasel,3.85,575
597,Killing Yourself to Live: 85% of a True Story,Chuck Klosterman,3.81,245
599,Sex  Drugs  and Cocoa Puffs: A Low Culture Manifesto,Chuck Klosterman,3.73,272
619,Vice (V  #8),Jane Feather,3.51,419
629,Zen and the Art of Motorcycle Maintenance: An Inquiry Into Values (Phaedrus  #1),Robert M. Pirsig,3.77,540
639,Once Upon a Cool Motorcycle Dude,Kevin O'Malley/Carol Heyer/Scott Goto,4.08,32
642,Guidebook to Zen and the Art of Motorcycle Maintenance,Ronald L. DiSanto/Thomas J. Steele,3.72,408
643,Motorcycle Basics Techbook,John Harold Haynes,3.85,222
650,LOGO Lounge: 2 000 International Identities by Leading Designers,Catharine M. Fishel/Bill Gardner,3.93,191
655,The Death of Ivan Ilych And Other Stories,Leo Tolstoy/Hugh McLean,4.11,304
656,War and Peace,Leo Tolstoy/Henry Gifford/Aylmer Maude/Louise Maude,4.11,1392
658,The Kingdom of God Is Within You,Leo Tolstoy/Constance Garnett,4.13,352
662,Atlas Shrugged,Ayn Rand/Leonard Peikoff,3.69,1168
663,For the New Intellectual: The Philosophy of Ayn Rand,Ayn Rand,3.68,224
664,The Fountainhead,Ayn Rand,3.87,752
665,The Virtue of Selfishness: A New Concept of Egoism,Ayn Rand/Nathaniel Branden,3.51,176
667,Anthem,Ayn Rand,3.63,105
668,We the Living,Ayn Rand/Leonard Peikoff,3.91,464
669,Capitalism: The Unknown Ideal,Ayn Rand/Nathaniel Branden/Alan Greenspan/Robert Hessen,3.88,340
670,Letters of Ayn Rand,Ayn Rand/Michael S. Berliner/Leonard Peikoff,3.96,681
672,Sailing for Dummies,J.J. Isler/Peter Isler,3.95,416
675,Sailing from Byzantium: How a Lost Empire Shaped the World,Colin  Wells,3.88,368
676,Sailing Alone Around the Room: New and Selected Poems,Billy Collins,4.23,192
678,The Greatest Sailing Stories Ever Told: Twenty-Seven Unforgettable Stories,Christopher Caswell,3.62,286
681,"Natural Cures ""They"" Don't Want You to Know about",Kevin Trudeau,3.09,571
685,The Natural,Bernard Malamud/Kevin Baker,3.63,231
698,Digging to America,Anne Tyler,3.55,277
700,Rereading America: Cultural Contexts for Critical Thinking and Writing,Gary Colombo/Bonnie Lisle,3.77,826
702,Modern Latin America,Thomas E. Skidmore/Peter H. Smith,3.59,528
703,The Plot Against America,Philip Roth,3.77,391
707,Naked Pictures of Famous People,Jon   Stewart,3.59,164
759,Collected Stories,Gabriel García Márquez/Gregory Rabassa/J.S. Bernstein,4.19,352
762,Crónica de una muerte anunciada,Gabriel García Márquez,3.97,118
763,Cien años de soledad,Gabriel García Márquez,4.07,496
764,Del amor y otros demonios,Gabriel García Márquez,3.98,176
765,Living to Tell the Tale,Gabriel García Márquez/Edith Grossman,3.99,533
766,Memoria de mis putas tristes,Gabriel García Márquez,3.60,112
771,The Elegant Universe: Superstrings  Hidden Dimensions  and the Quest for the Ultimate Theory,Brian Greene,4.07,425
775,Pure and Simple: The Extraordinary Teachings of a Thai Buddhist Laywoman,Upasika Kee Nanayon/Thanissaro Bhikkhu,4.29,288
787,The Mini Rough Guide to London,Rob Humphreys/Beth Chaplin/Rebecca Morrill,3.75,363
793,Best of London (Lonely Planet Best Of),Lonely Planet/Sarah Johnstone/Steve Fallon,3.83,128
797,Lonely Planet Londres,Lonely Planet/Sarah Johnstone/Tom Masters,4.03,480
799,Out to Eat London 2002 (Lonely Planet Out to Eat),Lonely Planet/Mark Honan,0.00,295
815,Three Nights in August: Strategy  Heartbreak  and Joy Inside the Mind of a Manager,H.G. Bissinger,3.88,287
816,Cryptonomicon,Neal Stephenson,4.25,1139
821,Le Réseau Kinakuta (Cryptonomicon  #2),Neal Stephenson,4.10,418
822,The Confusion (The Baroque Cycle  #2),Neal Stephenson,4.26,815
823,Quicksilver (The Baroque Cycle  #1),Neal Stephenson,3.93,927
824,The Cobweb,Neal Stephenson/J. Frederick George,3.61,448
826,The Big U,Neal Stephenson,3.25,308
827,The Diamond Age: Or  A Young Lady's Illustrated Primer,Neal Stephenson/Pedro Jorge Romero,4.19,499
828,Interface,Neal Stephenson/George F. Jewsbury/Stephen  Bury,3.68,640
829,Odalisque (The Baroque Cycle  Vol. 1  Book 3),Neal Stephenson,4.20,464
830,Snow Crash,Neal Stephenson/Guy Abadia,4.03,438
834,Harrington on Hold 'em: Expert Strategy for No-Limit Tournaments  Volume II: The Endgame,Dan Harrington/Bill Robertie,4.16,450
835,Harrington on Hold 'em: Expert Strategy for No-Limit Tournaments  Volume I: Strategic Play,Dan Harrington/Bill Robertie,4.24,381
840,The Design of Everyday Things,Donald A. Norman,4.17,240
841,Emotional Design: Why We Love (or Hate) Everyday Things,Donald A. Norman,3.95,272
842,The Psychology of Everyday Things,Donald A. Norman,4.17,257
848,No Price Too High: A Pentecostal Preacher Becomes Catholic - The Inspirational Story of Alex Jones as Told to Diane Hanson,Alex C. Jones/Diane M. Hanson/Stephen K. Ray,4.27,259
864,The Alchemist,Paulo Coelho/Alan R. Clarke/James Noel Smith,3.86,192
865,The Alchemist,Paulo Coelho/Alan R. Clarke/Özdemir İnce,3.86,197
866,Fullmetal Alchemist  Vol. 9 (Fullmetal Alchemist  #9),Hiromu Arakawa/Akira Watanabe,4.57,192
868,Fullmetal Alchemist  Vol. 3 (Fullmetal Alchemist  #3),Hiromu Arakawa/Akira Watanabe,4.56,192
869,Fullmetal Alchemist  Vol. 8 (Fullmetal Alchemist  #8),Hiromu Arakawa/Akira Watanabe,4.57,192
870,Fullmetal Alchemist  Vol. 1 (Fullmetal Alchemist  #1),Hiromu Arakawa/Akira Watanabe,4.50,192
871,Fullmetal Alchemist  Vol. 4 (Fullmetal Alchemist  #4),Hiromu Arakawa/Akira Watanabe,4.55,200
872,The Illustrated Alchemist: A Fable about Following Your Dream,Paulo Coelho/Alan R. Clarke/Mœbius,3.86,198
873,Fullmetal Alchemist  Vol. 2 (Fullmetal Alchemist  #2),Hiromu Arakawa/Akira Watanabe,4.52,192
880,Pompeii,Robert   Harris,3.82,274
888,The Last Days of Pompeii,Edward Bulwer-Lytton/John Gregory Betancourt,3.60,360
890,Of Mice and Men,John Steinbeck,3.87,103
900,The Game: Penetrating the Secret Society of Pickup Artists,Neil Strauss,3.74,464
902,The Westing Game,Ellen Raskin,4.02,182
903,The Egypt Game,Zilpha Keatley Snyder,3.83,215
929,Memoirs of a Geisha,Arthur Golden,4.11,503
930,Memoirs of a Geisha,Arthur Golden,4.11,434
931,Memoirs of a Geisha,Arthur Golden,4.11,497
932,Memoirs of a Geisha: A Portrait of the Film,David        James/Peggy Mulloy/Rob Marshall/Arthur Golden,4.08,144
933,Memoirs of a Geisha,Arthur Golden,4.11,497
935,Geisha of Gion,Mineko Iwasaki/Rande Brown,3.93,334
941,Love As A Foreign Language #5,J. Torres/Eric  Kim,3.44,58
944,Jungle Love,Margaret Johnson/Philip Prowse,3.41,95
955,The 5 Love Languages / The 5 Love Languages Journal,Gary Chapman,4.70,0
960,Angels & Demons (Robert Langdon  #1),Dan Brown,3.89,736
965,Ángeles y demonios (Robert Langdon  #1),Dan Brown,3.89,508
966,Angeles & Demonios,Dan Brown/Raúl Amundaray,3.89,18
968,The Da Vinci Code (Robert Langdon  #2),Dan Brown,3.84,489
969,The Da Vinci Code,Dan Brown,3.84,467
972,Da Vinci Code (Robert Langdon  #2),Dan Brown/Daniel Roche,3.84,744
975,Deception Point,Dan Brown,3.71,736
977,Deception Point,Dan Brown,3.71,585
980,Deception Point,Dan Brown,3.71,448
987,A Killing Rain (Louis Kincaid  #6),P.J. Parrish,4.04,383
998,The Millionaire Next Door: The Surprising Secrets of America's Wealthy,Thomas J. Stanley/William D. Danko,4.03,258
1005,Think and Grow Rich: The Landmark Bestseller Now Revised and Updated for the 21st Century,Napoleon Hill,4.18,320
1007,Think and Grow Rich,Napoleon Hill,4.18,368
1014,Pragmatic Version Control: Using Subversion (The Pragmatic Starter Kit Series),Mike   Mason,3.58,256
1022,Read My Lips: Sexual Subversion and the End of Gender,Riki Anne Wilchins,3.95,288
1032,Trump: The Art of the Deal,Donald J. Trump/Tony Schwartz,3.66,384
1052,The Richest Man in Babylon,George S. Clason,4.26,194
1053,The Richest Man in Babylon,George S. Clason,4.26,4
1059,Shibumi,Trevanian/Gisela Stege,4.21,480
1067,1776,David McCullough,4.07,386
1068,1776,Peter  Stone/Sherman Edwards,4.22,192
1073,The Crescent Obscured: The United States and the Muslim World  1776-1815,Robert J. Allison,3.62,284
1078,The Good Earth (House of Earth  #1),Pearl S. Buck,3.98,418
1090,Purpose Driven Life - For Commuters: What on Earth Am I Here For?,Rick Warren,3.93,5
1097,Fast Food Nation: The Dark Side of the All-American Meal,Eric Schlosser,3.74,399
1099,Fast Food Nation: What The All-American Meal is Doing to the World,Eric Schlosser,3.74,384
1103,Snow Flower and the Secret Fan,Lisa See,4.07,269
1110,The Broker,John Grisham,3.78,422
1111,The Power Broker: Robert Moses and the Fall of New York,Robert A. Caro,4.51,1344
1117,The Power Broker: A Novel (Christian Gillette  #3),Stephen W. Frey,3.75,320
1120,Body For Life: 12 Weeks to Mental and Physical Strength,Bill Phillips/Michael D'Orso,3.74,201
1121,Body for Life for Women: A Woman's Plan for Physical and Mental Transformation,Pamela Peeke/Cindy Crawford,3.65,288
1123,Eating for Life: Your Guide to Great Health  Fat Loss and Increased Energy!,Bill Phillips,3.95,405
1130,The Warren Buffett Way,Robert G. Hagstrom/Bill Miller/Kenneth L. Fisher,4.13,245
1138,The Warren Buffett CEO: Secrets from the Berkshire Hathaway Managers,Robert P. Miles/Tom Osborne,4.07,432
1164,Monkey Business: True Story of the Scopes Trial,Marvin N. Olasky/John R. Perry,3.15,368
1167,Junie B. Jones and a Little Monkey Business (Junie B. Jones  #2),Barbara Park/Denise Brunkus,3.99,68
1169,Monkey Business,Sarah Mlynowski,3.67,392
1171,Liar's Poker,Michael   Lewis,4.15,256
1177,Liar's Poker: A Harry Garnish Mystery,Frank McConnell,3.31,214
1188,Risotto: 30 Simply Delicious Vegetarian Recipes from an Italian Kitchen,Ursula Ferrigno/Jason Lowe/Maxine  Clark,4.08,64
1191,Giada's Family Dinners,Giada De Laurentiis/Victoria Pearson,3.96,256
1192,Everyday Italian: 125 Simple and Delicious Recipes,Giada De Laurentiis,3.95,256
1193,Everyday Pasta,Giada De Laurentiis/Victoria Pearson,4.09,240
1196,Tyler's Ultimate: Brilliant Simple Food to Make Any Time,Tyler Florence/Petrina Tinslay,4.09,256
1197,Tyler Florence's Real Kitchen: An Indespensible Guide for Anybody Who Likes to Cook,Tyler Florence/JoAnn Cianciulli/Bill Bettencourt/Bobby Flay,4.06,304
1198,Eat This Book: Cooking with Global Fresh Flavors,Tyler Florence/Petrina Tinslay,3.92,287
1202,Freakonomics: A Rogue Economist Explores the Hidden Side of Everything,Steven D. Levitt/Stephen J. Dubner,3.97,320
1204,Freakonomics: Un economista políticamente incorrecto explora el lado oculto de lo que nos afecta,Steven D. Levitt/Stephen J. Dubner,3.97,250
1206,Freakonomics: A Rogue Economist Explores the Hidden Side of Everything,Steven D. Levitt/Stephen J. Dubner,3.97,496
1218,The Last Assassin (John Rain  #5),Barry Eisler,4.27,338
1226,Life of Pi,Yann Martel,3.91,401
1230,L'Histoire de Pi,Yann Martel/Nicole Martel/Emile Martel,3.91,448
1234,Shadows and Wind: A View of Modern Vietnam,Robert Templer,3.49,400
1241,A Million Little Pieces,James Frey,3.65,515
1242,A Million Little Pieces of Feces,Python Bonkers,3.56,256
1243,A Million Little Lies,James Pinocchio/Pablo Fenjves,3.41,191
1246,The Leadership Challenge,James M. Kouzes/Barry Z. Posner,4.05,458
1252,Lincoln on Leadership: Executive Strategies for Tough Times,Donald T. Phillips,4.14,193
1255,Leadership in Organizations,Gary Yukl,3.68,542
1265,Leadership,Rudolph W. Giuliani,3.72,397
1274,Men Are from Mars  Women Are from Venus,John Gray,3.55,368
1276,Mars and Venus Book of Days: 365 Inspriations to Enrich Your Relationships,John Gray,3.62,368
1281,Men Are from Mars  Women Are from Venus,John Gray,3.55,2
1290,How to Succeed with Women,Ron  Louis/David Copeland,3.76,320
1295,The Clan of the Cave Bear (Earth's Children  #1),Jean M. Auel,4.05,512
1296,The Clan of the Cave Bear (Earth's Children  #1),Jean M. Auel,4.05,468
1301,Moneyball: The Art of Winning an Unfair Game,Michael   Lewis,4.26,317
1302,Juiced Official Strategy Guide,Doug Walsh,0.00,112
1303,The 48 Laws of Power,Robert Greene/Joost Elffers,4.18,452
1305,Gates of Fire,Steven Pressfield,4.42,392
1307,Fire Sea (The Death Gate Cycle  #3),Margaret Weis/Tracy Hickman,4.07,414
1312,The Gate of Fire (Oath Of Empire Book Two),Thomas Harlan,3.58,721
1315,The Afghan Campaign,Steven Pressfield,3.96,354
1317,Tides of War,Steven Pressfield,3.90,448
1318,Last of the Amazons,Steven Pressfield,3.76,400
1319,The War of Art: Break Through the Blocks & Win Your Inner Creative Battles,Steven Pressfield/Robert McKee,4.00,168
1320,Gita on the Green,Stephen J. Rosen/Steven Pressfield,3.78,176
1322,Blood Stripes: The Grunt's View of the War in Iraq,David J. Danelo/Steven Pressfield,3.91,340
1326,Phaedrus and Letters VII and VIII,Plato/Walter Hamilton,4.10,160
1327,Phaedrus,Plato/Robin Waterfield,3.92,128
1328,Phaedrus,Plato/C.J. Rowe,3.92,176
1334,Lysis/Phaedrus/Symposium: Plato on Homosexuality,Plato/Benjamin Jowett,4.47,157
1337,Enthusiasm and Divine Madness,Josef Pieper/Richard Winston/Clara Winston,4.50,125
1338,On Love: Lysis/Symposium/Phaedrus/Alcibiades/Selections from Republic & Laws,Plato/C.D.C. Reeve,4.06,272
1342,Gorgias/Phaedrus (Agora),Plato/James H. Nichols Jr.,4.35,233
1351,Statesman,Plato/C.J. Rowe,3.85,128
1354,Gorgias,Plato/Walter Hamilton/Chris Emlyn-Jones,3.95,208
1362,The Histories,Herodotus/Aubrey de Sélincourt/John M. Marincola,3.99,716
1363,The Histories,Herodotus/Aubrey de Sélincourt/John M. Marincola,3.99,622
1364,The History (Great Minds),Herodotus/Henry Francis Cary,3.99,613
1365,The Histories,Herodotus/Carolyn Dewald/Robin Waterfield,3.99,772
1366,The Histories,Herodotus/Aubrey de Sélincourt/Andrew Robert Burn,3.99,653
1367,The Histories,Herodotus/Jennifer Tolbert Roberts/Walter Blanco,3.99,464
1368,The Histories,Herodotus/Edward Henry Blakeney/George Rawlinson/Rosalind Thomas,3.99,816
1369,The History,Herodotus/Peter Grene,3.99,710
1371,The Iliad,Homer/Robert Fagles/Bernard Knox,3.86,683
1373,Iliad,Homer/Stanley Lombardo/Sheila Murnaghan,3.86,574
1374,The Iliad,Homer/Robert Fitzgerald/Andrew Ford,3.86,588
1375,The Iliad/The Odyssey,Homer/Robert Fagles/Bernard Knox,4.04,1556
1376,The Iliad,Homer/E.V. Rieu/Peter Jones/D.C.H. Rieu,3.86,462
1377,The Iliad,Homer/W.H.D. Rouse,3.86,312
1378,The Essential Iliad,Homer/Sheila Murnaghan/Stanley Lombardo,3.86,216
1381,The Odyssey,Homer/Robert Fagles/Bernard Knox,3.76,541
1382,The Odyssey,Homer/Robert Fitzgerald/D.S. Carne-Ross,3.76,515
1383,The Odyssey,Homer/Richmond Lattimore,3.76,374
1384,The Odyssey,Homer/E.V. Rieu/Peter Jones/D.C.H. Rieu,3.76,324
1387,The Odyssey,Homer/W.H.D. Rouse,3.76,304
1391,Aeneid: Selections from Books 1  2  4  6  10  12,Virgil/Barbara Weiden Boyd,4.35,161
1402,Eclogues. Georgics. Aeneid: Books 1-6,Virgil/Henry Rushton Fairclough/G.P. Goold,4.22,607
1403,City Eclogue,Ed Roberson,4.13,136
1405,The Eclogues and The Georgics,Virgil/Cecil Day-Lewis,3.80,180
1408,Paul Kirk's Championship Barbecue Sauces: 175 Make-Your-Own Sauces  Marinades  Dry Rubs  Wet Rubs  Mops and Salsas,Paul  Kirk,3.94,272
1417,The Complete Pelican Shakespeare,William Shakespeare/Stephen Orgel/A.R. Braunmuller,4.50,1808
1419,The Complete Works,William Shakespeare,4.50,1248
1420,Hamlet,William Shakespeare/Harold Bloom/Rex Gibson,4.02,289
1423,The Compleat Works of Wllm Shkspr (abridged),Reduced Shakespeare Company/Adam Long/Daniel Singer/Jess Winfield,4.44,137
1424,The Pilgrimage: A Contemporary Quest for Ancient Wisdom,Paulo Coelho/Alan R. Clarke,3.64,272
1425,The Valkyries,Paulo Coelho/Alan R. Clarke,3.31,212
1426,Warrior of the Light,Paulo Coelho,3.70,142
1427,The Zahir,Paulo Coelho/Margaret Jull Costa,3.57,336
1428,By the River Piedra I Sat Down and Wept,Paulo Coelho/Alan R. Clarke,3.57,208
1429,The Fifth Mountain,Paulo Coelho/Clifford E. Landers,3.62,256
1431,Veronika Decides to Die,Paulo Coelho/Margaret Jull Costa/Kâmuran Şipal,3.70,210
1433,Hamlet,William Shakespeare/Stephen Orgel/A.R. Braunmuller,4.02,148
1437,Cliffs Notes on Shakespeare's Hamlet,Carla Lynn Stockton,3.69,129
1438,Shakespeare's Hamlet,William Shakespeare/Terri Mategrano,4.02,240
1439,Hamlet's Mill: An Essay Investigating the Origins of Human Knowledge and Its Transmission Through Myth,Giorgio De Santillana/Hertha Von Dechend,4.29,450
1440,History of the Peloponnesian War: Bk. 1-2,Thucydides/C.F. Smith,4.32,496
1441,On Justice  Power and Human Nature: Selections from The History of the Peloponnesian War,Thucydides/Paul Woodruff,3.72,172
1444,History of the Peloponnesian War: Bk. 5-6,Thucydides/C.F. Smith,4.35,400
1445,The Peloponnesian War,Thucydides/Steven Lattimore,3.90,530
1449,The Peloponnesian War: A New Translation  Backgrounds  Interpretations,Thucydides/Jennifer Tolbert Roberts/Walter Blanco,3.90,554
1459,History of the Peloponnesian War  Bk. 7-8,Thucydides/C.F. Smith,4.29,480
1461,Thucydides  Book 6 Commentary,Cynthia W. Shelmerdine,4.50,34
1462,Euripides I: Alcestis / The Medea / The Heracleidae / Hippolytus,Euripides/Richmond Lattimore/David Grene/Rex Warner/Ralph Gladstone,4.03,221
1463,Euripides V: Electra / The Phoenician Women / The Bacchae,Euripides/David Grene/Richmond Lattimore/Emily Townsend Vermeule/Elizabeth Wyckoff/William Arrowsmith,4.21,228
1465,Euripides IV: Rhesus / The Suppliant Women / Orestes / Iphigenia in Aulis,Euripides/David Grene/Richmond Lattimore/William Arrowsmith/Frank William Jones/Charles R. Walker,4.21,307
1466,Grief Lessons: Four Plays by Euripides,Anne Carson/Euripides,4.40,312
1467,Ten Plays,Euripides/Moses Hadas/John Maclean,4.17,432
1468,Euripides III: Hecuba / Andromache / The Trojan Women / Ion (Complete Greek Tragedies  #7),Euripides/David Grene/Richmond Lattimore/William Arrowsmith/John Frederick Nims/Ronald Frederick Willetts,4.00,255
1470,Euripides II: The Cyclops / Heracles / Iphigenia in Tauris / Helen,Euripides/David Grene/Richmond Lattimore/Witter Bynner/William Arrowsmith,4.31,264
1473,Medea and Other Plays,Euripides/John Davie/Richard Rutherford,4.03,206
1474,Cyclops / Alcestis / Medea,Euripides/David Kovacs,4.23,432
1475,Medea,Euripides/Donald J. Mastronarde,3.87,431
1476,The Bacchae and Other Plays,Euripides/John Davie/Richard Rutherford,4.14,360
1479,Bakkhai,Euripides/Reginald Gibbons/Peter H. Burian,3.88,160
1480,Plays 1: Medea/The Phoenician Women/Bacchae,Euripides/David Thompson/J. Michael Walton,3.78,192
1486,The Trojan Women and Hippolytus,Euripides,3.63,64
1488,The Bacchae of Euripides: A Communion Rite,Wole Soyinka,3.86,128
1489,Orestes and Other Plays,Euripides/James Morwood/Robin Waterfield,4.10,282
1491,Children of Heracles / Hippolytus / Andromache / Hecuba,Euripides/David Kovacs,4.26,528
1494,Alcestis,Euripides/William Arrowsmith,3.83,142
1495,Suppliant Women / Electra / Heracles,Euripides/David Kovacs,4.47,464
1499,Medea,Euripides/Georgia Ann Machemer/Michael   Collier,3.87,116
1504,Euripides: Medea,William Allan,4.04,160
1506,CliffsNotes on Euripides' Medea and Electra,Robert J. Milch,4.20,69
1509,Trojan Women / Iphigenia Among the Taurians / Ion,Euripides/David Kovacs,4.03,528
1510,Helen / Phoenician Women / Orestes,Euripides/David Kovacs,4.07,605
1511,Euripides: Iphigenia at Aulis (Companions to Greek & Roman Tragedy),Euripides/Pantelis Michelakis,4.03,144
1515,The Complete Greek Tragedies  Volume 3: Euripides,Euripides/David Grene/Richmond Lattimore,4.43,672
1516,Aeschylus I: Oresteia (Agamemnon  The Libation Bearers  The Eumenides),Aeschylus/David Grene/Richmond Lattimore,4.02,171
1517,Aeschylus II: The Suppliant Maidens  The Persians  Seven against Thebes  and Prometheus Bound (The Complete Greek Tragedies),Aeschylus/David Grene/Richmond Lattimore/Seth Benardete,4.10,188
1518,The Oresteia,Aeschylus/Alan Shapiro/Peter H. Burian,4.02,304
1519,The Oresteia: Agamemnon  The Libation Bearers  The Eumenides,Aeschylus/Robert Fagles/William Bedell Stanford,4.02,335
1521,Oresteia,Aeschylus/Peter Meineck/Helene P. Foley,4.02,224
1523,Prometheus Bound and Other Plays,Aeschylus/Philip Vellacott,4.10,160
1525,The Oresteia,Aeschylus/Ted Hughes,4.02,208
1526,Aeschylus  1: The Oresteia: Agamemnon/The Libation Bearers/The Eumenides,Aeschylus/David R. Slavitt/Smith Palmer Bovie,4.02,178
1527,The Complete Greek Tragedies  Volume 1: Aeschylus,Aeschylus/Richmond Lattimore/David Grene,4.10,358
1529,Aeschylus: The Oresteia (A Student Guide: Landmarks of World Literature),Simon Goldhill,4.03,95
1530,The Oresteia: Agamemnon  Choephoroe & Eumenides (Everyman's Library  No. 260),Aeschylus/George Thomson/Richard Seaford,4.02,127
1531,Aeschylus 2: The Persians/Seven Against Thebes/The Suppliants/Prometheus Bound,Aeschylus/David R. Slavitt/Smith Palmer Bovie,4.10,232
1532,The Oresteia Trilogy: Agamemnon/The Libation-Bearers/The Furies,Aeschylus/E.D.A. Morshead,4.02,151
1533,The Suppliant Maidens/The Persians/Seven against Thebes/Prometheus Bound,Aeschylus/E.D.A. Morshead,4.10,208
1536,Sophocles II: Ajax/Women of Trachis/Electra/Philoctetes (Complete Greek Tragedies 4),Sophocles/David Grene/Richmond Lattimore/John Moore/Michael Jameson,4.14,254
1537,The Oedipus Plays of Sophocles: Oedipus the King, Oedipus at Colonus, Antigone,9780452011670
1538,The Complete Plays,Sophocles/Paul Roche,4.27,420
1540,The Oedipus Cycle: Oedipus Rex  Oedipus at Colonus  Antigone,Sophocles/Robert Fitzgerald/Dudley Fitts,3.97,259
1542,The Three Theban Plays: Antigone  Oedipus the King  Oedipus at Colonus,Sophocles/Robert Fagles/Bernard Knox,3.97,430
1546,Theban Plays,Sophocles/Peter Meineck/Paul Woodruff,3.97,304
1547,The Theban Plays (Everyman's Library  #93),Sophocles/David Grene/Charles Segal,3.97,223
1548,Electra and Other Plays,Sophocles/E.F. Watling,4.14,218
1549,Antigone, Oedipus the Kingn, Electra,9780192835888
1554,Oedipus Rex  (The Theban Plays  #1),Sophocles/J.E. Thomas,3.70,75
1555,The Oedipus Plays of Sophocles,Sophocles/Paul Roche,3.97,390
1558,Oedipus Rex (Greek and Latin Classics),Sophocles/Roger D. Dawe,3.70,214
1559,Oedipus the King,Sophocles/Bernard Knox/Cynthia Brantley Johnson,3.70,144
1560,Four Plays: The Clouds/The Birds/Lysistrata/The Frogs,Aristophanes/William Arrowsmith/Richmond Lattimore/Douglass Parker,4.06,624
1561,Three Plays by Aristophanes: Lysistrata/Women at the Thesmophoria/Assemblywomen,Aristophanes/Jeffrey Henderson,3.94,256
